seriesuid,vcoordX,vcoordY,vcoordZ,diametersX,diametersY,diametersZ,probability
671752,215,94,31,32,37,19,0.9995813965797424
671752,123,119,106,8,7,6,0.9986300468444824
671752,91,131,129,9,9,5,0.9986667037010193
671752,126,128,126,5,6,5,0.997697651386261
671752,101,152,130,8,7,5,0.9991742372512817
671752,232,192,158,5,4,3,0.9749255180358887
671752,64,123,183,7,6,5,0.9978122115135193
671752,199,162,185,12,12,10,0.9984431862831116
671752,121,101,215,6,7,5,0.9998223781585693
671752,129,103,230,4,5,3,0.9897840023040771
671752,120,130,226,8,8,14,0.9973049163818359
671752,129,128,255,5,6,4,0.9970449209213257
679994,227,225,30,5,7,4,0.9931661486625671
679994,89,251,36,5,5,3,0.9970911741256714
679994,218,227,58,6,6,6,0.996302604675293
679994,219,227,72,13,11,9,0.9993785619735718
679994,102,256,64,9,9,12,0.9989085793495178
679994,106,192,94,6,5,3,0.9933691620826721
679994,218,221,104,6,6,5,0.9974907636642456
679994,95,252,97,4,5,3,0.9894350171089172
679994,222,167,185,8,9,7,0.9989126324653625
688928,258,187,73,7,7,5,0.9993024468421936
688928,127,129,104,7,7,4,0.9994602203369141
688928,279,128,94,7,7,4,0.9982640147209167
688928,127,227,100,8,8,5,0.9985562562942505
688928,261,224,94,6,8,5,0.9976804852485657
688928,107,123,134,8,8,7,0.9989928007125854
688928,126,126,137,7,13,8,0.9964995384216309
688928,91,160,134,8,8,5,0.9978182315826416
688928,91,198,127,7,8,5,0.9992349147796631
688928,260,189,127,7,7,5,0.9986097812652588
688928,252,132,159,7,7,5,0.9987116456031799
688928,229,184,159,14,13,9,0.9987631440162659
688928,248,191,162,9,10,6,0.9948971271514893
688928,288,222,159,6,5,3,0.9934460520744324
688928,151,135,184,5,5,3,0.9957218170166016
688928,230,185,190,20,26,16,0.9992587566375732
682359,190,195,68,4,4,3,0.9902557730674744
682359,228,99,98,5,4,3,0.9801445007324219
682359,62,199,98,7,7,5,0.9987840056419373
682359,91,193,94,6,6,3,0.9989226460456848
682359,183,184,95,10,10,12,0.9991917610168457
682359,224,183,93,8,7,5,0.9988380074501038
682359,125,163,130,14,13,17,0.9994221925735474
682359,165,159,125,6,6,6,0.9995303153991699
682359,59,185,124,5,5,3,0.9904208779335022
682359,102,186,129,13,12,17,0.9993371963500977
682359,116,90,151,9,10,9,0.9968629479408264
682359,184,102,195,7,7,4,0.9979438781738281
682359,196,126,195,5,5,4,0.992438793182373
682359,92,163,221,6,6,4,0.997816264629364
682359,161,164,223,61,52,49,0.9996567368507385
682359,101,197,215,4,5,4,0.9974066019058228
682359,127,199,285,6,5,3,0.9805145263671875
320188,262,246,36,8,8,8,0.9992817640304565
320188,264,249,58,7,7,7,0.9961000680923462
320188,134,168,93,7,6,6,0.9968942403793335
320188,105,193,102,7,7,5,0.9979059100151062
320188,227,196,98,16,16,11,0.9989938735961914
320188,119,225,95,7,7,6,0.9989534616470337
320188,123,249,98,8,7,6,0.9954279661178589
320188,119,199,124,8,6,3,0.9946996569633484
320188,199,111,153,5,5,4,0.9911772012710571
320188,85,214,144,4,3,3,0.9986661672592163
320188,129,349,157,14,14,16,0.9988107681274414
320188,222,191,194,9,9,14,0.999386191368103
320188,258,247,185,6,6,5,0.9980484247207642
320188,103,316,190,8,7,14,0.9974815845489502
320188,130,349,192,6,5,4,0.9958835244178772
320188,223,351,191,4,3,11,0.986016571521759
320188,161,329,217,9,8,4,0.9934144020080566
320188,193,330,217,10,10,4,0.9972869753837585
320188,134,345,218,23,15,8,0.9994552731513977
320188,158,346,217,31,14,8,0.9994791150093079
320188,190,346,218,35,15,10,0.9993418455123901
320188,213,347,216,23,12,8,0.9991039037704468
679809,111,119,7,10,10,7,0.9974378943443298
679809,98,61,104,10,10,7,0.9994210004806519
679809,95,168,99,6,6,4,0.9995480179786682
679809,134,183,95,8,7,9,0.9990697503089905
679809,219,191,99,8,10,14,0.9987639784812927
679809,219,184,129,9,9,7,0.999453067779541
679809,130,88,169,6,5,3,0.987873911857605
679809,154,102,161,14,14,9,0.9985440969467163
679809,182,85,160,5,3,3,0.9857757091522217
679809,190,106,170,29,30,12,0.9993047118186951
679809,160,128,163,64,64,49,0.9998878836631775
679809,192,128,166,64,64,44,0.9998273253440857
679809,208,127,170,32,42,19,0.999636173248291
679809,132,155,156,12,13,9,0.9992614984512329
679809,166,151,165,45,34,27,0.99966961145401
679809,192,155,162,64,55,43,0.9998115301132202
679809,168,131,180,41,58,40,0.9997571110725403
679809,192,128,189,64,64,58,0.9999328851699829
679809,162,151,186,31,35,20,0.9993833899497986
679809,192,160,185,64,64,50,0.999837338924408
679809,168,182,203,10,9,5,0.9927046298980713
679809,217,157,188,22,30,20,0.9993784427642822
679809,186,184,189,7,7,9,0.997735321521759
679809,176,119,246,32,30,19,0.9993606805801392
679809,186,129,206,43,55,23,0.9996078610420227
679809,191,127,242,62,58,28,0.9997134804725647
679809,194,162,219,21,25,18,0.9991528391838074
679809,217,151,227,6,6,5,0.9993444681167603
679809,183,169,250,13,12,15,0.9992340803146362
663672,73,99,38,7,7,7,0.9996145367622375
663672,99,89,31,4,5,4,0.9939289093017578
663672,102,105,58,4,5,3,0.9818490147590637
663672,97,123,60,7,7,3,0.9967924356460571
663672,125,121,71,5,4,4,0.9940050840377808
663672,104,215,59,9,9,6,0.9990016222000122
663672,263,163,103,7,6,4,0.9968950748443604
663672,264,152,104,6,5,3,0.9988587498664856
663672,64,191,98,6,6,4,0.995120644569397
663672,122,189,93,15,12,7,0.9986511468887329
663672,128,188,124,21,27,16,0.9994454979896545
663672,284,186,134,5,3,3,0.9793277978897095
689340,317,226,31,6,7,4,0.9988936185836792
689340,318,199,58,7,8,5,0.9999452829360962
689340,282,223,63,9,9,5,0.999695897102356
689340,253,250,63,8,8,6,0.9991526007652283
689340,280,261,73,5,6,4,0.9950022101402283
689340,127,224,97,11,12,10,0.9987263083457947
689340,250,229,97,11,11,9,0.9992289543151855
689340,96,133,124,7,7,6,0.9949551820755005
689340,290,137,129,6,5,5,0.9947304725646973
689340,60,165,134,8,8,5,0.9997005462646484
689340,94,155,125,6,5,4,0.9956364631652832
689340,294,159,128,8,7,5,0.9985391497612
689340,127,127,164,4,5,3,0.9945430755615234
689340,226,152,161,8,8,5,0.9989138245582581
689340,91,156,185,9,8,5,0.9984720349311829
689340,132,168,187,10,10,9,0.9992470741271973
689340,254,161,197,11,7,11,0.9989079833030701
689340,165,225,191,6,6,4,0.9979858994483948
689340,93,183,215,6,5,4,0.9977794885635376
689340,100,201,227,7,6,7,0.9987430572509766
689340,129,186,222,5,5,4,0.9980805516242981
688225,123,166,69,15,17,5,0.9986782670021057
688225,132,220,68,7,8,7,0.9974851608276367
688225,223,224,54,14,15,12,0.9995130896568298
688225,286,225,59,5,4,3,0.988269031047821
688225,247,95,89,9,8,5,0.9986832737922668
688225,286,157,96,4,5,3,0.9764202833175659
688225,155,192,95,9,10,5,0.9977941513061523
688225,201,93,118,4,6,3,0.994006335735321
688225,124,231,129,8,7,6,0.9990311861038208
688225,159,128,159,5,6,3,0.9979829788208008
688225,222,161,159,6,7,5,0.9978795051574707
688225,99,187,160,6,6,4,0.9921364784240723
688225,121,185,161,7,6,4,0.9993460774421692
688225,230,188,156,18,29,13,0.9992706775665283
688225,230,192,197,8,8,7,0.9996151328086853
688225,228,193,217,7,7,6,0.9992849230766296
688225,222,193,223,8,8,5,0.9988023638725281
402074,126,217,34,6,6,3,0.9834743142127991
402074,102,159,62,12,9,4,0.9994129538536072
402074,121,154,67,13,13,6,0.9969034194946289
402074,99,197,68,7,7,5,0.9968238472938538
402074,166,217,69,8,9,5,0.9987848997116089
402074,262,229,55,7,6,4,0.9996742010116577
402074,128,191,92,9,10,9,0.9986395835876465
402074,281,187,92,4,3,4,0.9785994291305542
402074,281,184,100,4,5,9,0.9901562929153442
402074,95,214,92,8,7,9,0.9992001056671143
402074,135,220,104,11,9,8,0.9952671527862549
402074,158,256,95,6,5,4,0.9950860738754272
402074,254,257,104,5,4,3,0.9851518273353577
402074,134,153,125,13,17,11,0.9986931681632996
402074,221,156,127,9,12,6,0.9988849759101868
402074,133,189,137,11,13,6,0.9980829358100891
402074,265,196,120,25,30,25,0.9996530413627625
402074,276,230,120,5,6,4,0.9814737439155579
402074,138,253,124,10,12,9,0.9976490139961243
402074,225,161,163,10,11,16,0.9991975426673889
402074,156,251,165,5,6,7,0.9874593615531921
402074,256,246,154,5,5,3,0.997873842716217
402074,225,161,182,7,7,5,0.9977906346321106
402074,124,184,197,9,8,8,0.9979279637336731
402074,229,199,195,5,4,3,0.9873595237731934
402074,126,218,191,7,6,5,0.9968576431274414
402074,156,250,182,5,5,4,0.9930492639541626
672344,287,187,32,4,5,4,0.9983601570129395
672344,256,90,72,9,8,6,0.998956024646759
672344,92,195,63,6,6,4,0.9983930587768555
672344,129,100,104,13,10,7,0.9966325163841248
672344,223,169,98,5,6,4,0.9946006536483765
672344,222,190,104,8,9,8,0.9979090094566345
672344,219,76,135,8,6,6,0.9965376853942871
672344,93,95,120,6,6,4,0.996555745601654
672344,135,88,139,7,8,5,0.9954962730407715
672344,223,191,125,6,6,7,0.9890885353088379
672344,129,222,129,5,7,4,0.9944408535957336
672344,258,229,130,6,5,5,0.9970618486404419
672344,252,233,135,6,7,6,0.9977331757545471
672344,259,100,159,7,7,5,0.9973611235618591
672344,93,222,164,8,8,7,0.9999939203262329
672344,126,225,154,7,8,5,0.9985638856887817
672344,280,160,192,7,7,8,0.998688280582428
672344,102,225,185,7,6,5,0.9986501336097717
672344,90,123,220,6,7,5,0.9976377487182617
672344,223,125,222,6,6,7,0.9982768893241882
672344,279,168,230,6,7,5,0.9989616274833679
672344,131,218,281,6,6,4,0.9987556338310242
689860,253,102,26,10,10,7,0.9974173307418823
689860,59,187,38,4,5,3,0.9853242039680481
689860,90,190,67,9,8,7,0.9995023608207703
689860,222,186,61,8,8,8,0.9994822144508362
689860,230,187,68,7,6,6,0.9970279335975647
689860,93,160,98,16,11,12,0.9992053508758545
689860,249,166,98,7,8,6,0.997816264629364
689860,102,183,104,10,11,6,0.9970667362213135
689860,126,93,164,12,10,15,0.9995530247688293
689860,195,93,168,9,6,7,0.9976795315742493
689860,127,160,160,13,19,12,0.9977011680603027
689860,190,127,190,7,7,5,0.999426543712616
689860,184,155,231,7,7,7,0.9958644509315491
689860,127,189,253,8,7,5,0.998748779296875
689860,192,185,259,7,7,5,0.9967415928840637
671831,129,232,63,5,6,4,0.9978164434432983
671831,197,191,97,6,7,5,0.9983830451965332
671831,255,218,103,7,7,5,0.9980224370956421
671831,131,251,103,3,4,3,0.9903551340103149
671831,266,120,119,6,5,4,0.9945080280303955
671831,119,155,135,7,7,5,0.9951283931732178
671831,253,159,133,6,6,3,0.9979195594787598
671831,129,222,129,9,8,5,0.9991841912269592
671831,225,218,127,10,13,9,0.9988126158714294
671831,155,134,162,5,9,6,0.9898625612258911
671831,152,149,163,9,9,4,0.9966725707054138
671831,195,182,165,17,16,10,0.9990922808647156
671831,222,168,159,19,20,19,0.9992219805717468
671831,196,184,165,15,13,9,0.9985610842704773
671831,150,133,195,7,7,5,0.9982153177261353
671831,255,164,186,5,5,4,0.9932920932769775
671831,131,196,192,8,9,7,0.9981672167778015
671831,225,189,198,8,7,6,0.9977183938026428
671831,259,184,184,5,6,3,0.9983764290809631
671831,202,162,228,8,7,8,0.9994500279426575
671831,105,185,225,8,6,5,0.9997122287750244
671831,220,189,223,8,8,6,0.9997690916061401
656074,217,120,72,7,6,4,0.9988425374031067
656074,71,94,91,14,11,11,0.9991039633750916
656074,69,102,104,6,6,4,0.9964898228645325
656074,225,190,90,10,8,9,0.9979280233383179
656074,103,124,128,8,6,5,0.9933732748031616
656074,100,153,123,6,6,5,0.9934636950492859
656074,160,96,194,10,9,15,0.9993846416473389
656074,122,157,196,17,22,13,0.9992194771766663
656074,199,151,195,12,11,8,0.9984329342842102
656074,124,155,218,5,5,3,0.9948033690452576
656074,223,165,223,8,7,6,0.9968097805976868
656074,100,183,225,7,6,4,0.9992241859436035
656074,229,193,231,7,7,4,0.9996880292892456
656074,183,157,282,8,6,8,0.9987586140632629
689288,281,119,88,7,7,3,0.9954332113265991
689288,89,217,93,5,6,4,0.991609513759613
689288,219,223,96,9,10,8,0.9998853206634521
689288,282,218,129,7,7,6,0.9988253712654114
689288,96,102,159,4,4,3,0.9961947798728943
689288,248,160,155,5,7,5,0.9972395896911621
689288,127,188,162,12,9,7,0.9983727335929871
689288,151,215,164,6,7,5,0.9955013394355774
689288,123,253,163,7,7,6,0.997927725315094
689288,259,157,224,7,6,5,0.9994468688964844
689288,131,215,230,8,8,5,0.9989691972732544
689288,198,222,235,7,7,6,0.9976029992103577
689288,222,189,255,5,5,5,0.995832085609436
689288,124,231,258,9,9,7,0.9983870387077332
689288,125,231,279,10,10,7,0.9992341995239258
502378,167,199,40,12,9,7,0.9992583990097046
502378,105,225,38,5,4,4,0.995807409286499
502378,184,223,42,8,8,5,0.9980112910270691
502378,87,251,39,10,10,5,0.9987844824790955
502378,87,92,69,6,6,4,0.9975044131278992
502378,216,128,60,7,7,3,0.9966170191764832
502378,195,227,63,8,13,7,0.9988995790481567
502378,217,229,64,9,8,6,0.999139666557312
502378,97,101,98,7,6,4,0.9940435290336609
502378,188,93,91,6,6,5,0.9973496198654175
502378,155,92,124,7,7,3,0.9999756217002869
502378,228,133,128,7,7,5,0.9973992109298706
502378,63,187,125,7,7,4,0.9987462162971497
502378,96,195,126,18,21,15,0.9985857605934143
502378,234,183,135,12,13,10,0.998953640460968
502378,193,227,124,11,10,8,0.9996724128723145
502378,219,133,159,5,6,3,0.9969373345375061
502378,96,160,168,14,19,7,0.9984994530677795
502378,228,155,164,8,8,7,0.9984036087989807
502378,119,181,165,8,8,5,0.9990946650505066
502378,226,201,153,8,9,7,0.9989686012268066
502378,228,193,171,7,6,5,0.9984759092330933
502378,183,131,194,8,8,3,0.9852092266082764
502378,96,167,195,6,6,4,0.9993191361427307
502378,98,157,195,5,4,3,0.9992619752883911
502378,118,162,194,7,7,6,0.9980689883232117
502378,167,154,200,7,7,6,0.9974181056022644
648146,127,190,68,8,9,6,0.9995954036712646
648146,128,137,102,5,5,3,0.9973523616790771
648146,127,151,96,4,4,3,0.9871910214424133
648146,95,135,129,3,4,4,0.9973182082176208
648146,264,159,124,11,10,10,0.9995317459106445
648146,127,105,159,15,11,11,0.9992499947547913
648146,216,150,151,5,5,4,0.9958494901657104
648146,155,88,185,12,11,9,0.9993345737457275
648146,261,94,189,5,6,4,0.9969989061355591
648146,135,121,189,5,6,6,0.9996239542961121
648146,280,167,180,8,7,6,0.9985487461090088
648146,125,199,193,6,6,4,0.9976263642311096
648146,90,217,200,6,6,4,0.9965754747390747
648146,293,229,168,4,4,4,0.9825180768966675
648146,135,60,215,6,5,4,0.993871808052063
648146,69,193,232,6,6,4,0.9941298365592957
648146,102,221,220,7,7,6,0.9983493089675903
648146,251,96,250,5,6,5,0.9970845580101013
648146,68,136,249,6,5,3,0.9854044318199158
648146,98,130,255,5,6,4,0.9926238059997559
648146,224,221,255,6,5,4,0.9999656677246094
648146,293,158,285,6,7,5,0.9997175931930542
648146,126,183,280,6,5,3,0.98897784948349
648146,219,190,289,5,6,4,0.9945156574249268
648146,255,188,286,7,7,4,0.9999664425849915
648146,229,165,323,7,6,4,0.9967983961105347
681379,226,227,31,10,8,5,0.9993079304695129
681379,258,226,38,9,8,6,0.999045193195343
681379,92,163,63,9,10,6,0.99980229139328
681379,296,161,70,8,7,8,0.9998911023139954
681379,124,198,65,8,5,5,0.9928617477416992
681379,159,189,66,10,10,13,0.9991558790206909
681379,254,201,68,5,5,3,0.9977555871009827
681379,282,183,70,7,7,6,0.9966996908187866
681379,292,194,69,6,5,5,0.9977242946624756
681379,126,223,63,8,8,9,0.9981147050857544
681379,106,119,103,6,4,3,0.989203691482544
681379,104,183,103,6,7,5,0.9984707236289978
681379,128,185,96,18,17,12,0.9981381893157959
681379,161,194,91,12,21,11,0.9981762766838074
681379,158,127,120,11,15,7,0.9992370009422302
681379,134,165,121,11,10,6,0.9989721775054932
681379,252,163,157,12,13,10,0.9994494915008545
681379,127,194,161,7,8,7,0.9998341798782349
681379,152,188,153,10,10,5,0.9975916147232056
681379,151,163,191,12,13,6,0.9984326362609863
681379,163,199,185,4,5,4,0.9968061447143555
681379,246,201,184,9,10,9,0.9983755946159363
681379,226,219,220,5,5,3,0.9995328187942505
697125,225,90,30,12,11,23,0.9994279742240906
697125,227,89,34,6,7,12,0.9968313574790955
697125,258,93,81,5,5,4,0.9955041408538818
697125,126,119,104,6,8,4,0.9939662218093872
697125,226,218,103,7,7,5,0.9984380006790161
697125,99,159,134,8,7,4,0.9978508949279785
697125,99,223,139,6,6,4,0.9993857741355896
697125,122,123,166,12,16,10,0.99808269739151
697125,224,132,154,16,15,15,0.9990248084068298
697125,220,153,164,5,5,3,0.9973412752151489
697125,252,163,168,5,5,3,0.9846909046173096
697125,233,187,194,5,5,3,0.9940496683120728
697125,126,158,234,7,7,6,0.9963158369064331
697125,200,188,218,5,8,6,0.9973675608634949
639006,122,90,3,4,9,6,0.9967714548110962
639006,23,126,38,3,4,3,0.9967852830886841
639006,201,96,64,4,5,3,0.9968937039375305
639006,220,100,102,14,16,16,0.9984347820281982
639006,63,152,93,4,5,4,0.9908679723739624
639006,224,97,134,5,5,3,0.9961003661155701
639006,89,158,134,9,8,8,0.9992717504501343
639006,125,157,134,5,5,3,0.9955999851226807
639006,101,183,127,5,5,3,0.9838578701019287
639006,83,73,151,7,8,7,0.9988161325454712
639006,128,70,169,7,7,5,0.9994847774505615
639006,92,130,160,8,9,6,0.9994230270385742
639006,95,134,190,8,8,6,0.9971176981925964
639006,98,133,216,6,6,7,0.9968446493148804
656881,62,195,63,6,6,5,0.9938616156578064
656881,233,138,89,10,8,9,0.9990485310554504
656881,93,196,92,5,5,6,0.9993227124214172
656881,136,126,127,7,7,5,0.9993848204612732
656881,102,153,129,7,6,4,0.9963365793228149
656881,87,169,134,7,8,4,0.9963318705558777
656881,251,195,129,13,11,16,0.9995043873786926
656881,221,99,159,6,6,4,0.996487021446228
656881,252,126,159,6,6,4,0.9966506958007812
656881,121,169,168,8,7,8,0.997984766960144
656881,219,186,159,11,11,10,0.9990496039390564
656881,160,128,180,64,64,40,0.9997994899749756
656881,176,133,216,31,53,16,0.9992356896400452
656881,191,128,192,62,64,64,0.9997448325157166
656881,118,161,192,10,8,8,0.9989703893661499
656881,160,160,193,64,64,58,0.9997969269752502
656881,192,160,194,64,64,59,0.9997490644454956
656881,214,159,194,16,22,15,0.9989534616470337
656881,186,184,188,25,15,14,0.9991363883018494
656881,70,130,220,8,9,6,0.9997643232345581
656881,170,136,211,39,42,18,0.9995068311691284
656881,182,133,213,45,54,22,0.999488890171051
656881,160,160,213,64,64,29,0.9998277425765991
656881,192,160,213,64,64,30,0.9997583627700806
656881,257,157,225,6,5,4,0.9969836473464966
656881,92,200,219,4,4,3,0.9993250370025635
656881,186,181,215,46,37,24,0.9991380572319031
656881,71,224,221,10,9,8,0.9995974898338318
656881,214,113,255,5,5,4,0.9986855387687683
656881,192,192,256,17,14,9,0.9988723397254944
656881,223,195,256,6,6,6,0.9964169263839722
656881,251,192,255,7,7,5,0.9995134472846985
656881,219,198,288,7,7,8,0.9990103244781494
529278,93,228,92,11,8,10,0.9978955984115601
529278,93,223,103,6,6,4,0.9982751607894897
529278,291,227,92,4,4,3,0.9978294372558594
529278,99,197,124,6,6,4,0.9997220635414124
529278,165,193,127,8,6,7,0.9988704919815063
529278,259,125,164,6,5,3,0.9920871257781982
529278,312,139,154,6,7,5,0.9937605857849121
529278,129,196,168,14,11,8,0.9994981288909912
529278,158,200,160,13,12,7,0.9990555644035339
529278,319,189,157,16,18,12,0.9992330074310303
529278,129,214,157,10,11,10,0.9992797374725342
529278,315,227,159,11,7,6,0.998031497001648
529278,322,227,159,5,6,5,0.9961491823196411
529278,253,263,157,8,8,9,0.9976309537887573
529278,256,128,195,7,6,4,0.9968633055686951
529278,125,168,186,5,3,3,0.9928464293479919
529278,151,158,188,5,7,10,0.9965386986732483
529278,130,192,191,8,11,8,0.9974575638771057
529278,217,130,232,14,16,10,0.9992837309837341
529278,288,195,223,7,6,5,0.9980576038360596
529278,309,213,235,7,7,5,0.9983587265014648
529278,161,124,246,5,5,3,0.9978506565093994
529278,137,162,261,8,9,6,0.9953796863555908
529278,134,190,260,7,7,12,0.9988566637039185
529278,125,224,255,8,8,5,0.998684823513031
529278,307,218,241,9,8,6,0.9981918931007385
529278,286,247,265,5,5,4,0.9930179119110107
529278,275,255,275,4,3,3,0.9875264167785645
529278,122,161,316,6,6,3,0.9959403872489929
639534,229,118,37,8,7,7,0.9983720779418945
639534,63,121,74,7,8,6,0.999064564704895
639534,98,222,63,6,5,4,0.99900221824646
639534,221,189,96,5,4,4,0.9860783219337463
639534,155,100,134,6,5,4,0.997352659702301
639534,286,130,128,8,8,6,0.9969183802604675
639534,102,165,124,6,7,5,0.9998092651367188
639534,121,153,138,9,8,5,0.9980680346488953
639534,279,128,155,7,7,6,0.9926460981369019
639534,121,163,165,4,5,3,0.9935033321380615
639534,288,156,158,9,9,7,0.9985286593437195
639534,125,133,234,5,5,3,0.9981414675712585
639534,97,154,235,5,5,4,0.9960185289382935
639534,123,163,224,10,8,15,0.999313235282898
639534,221,157,224,6,6,6,0.9979772567749023
639534,96,191,221,8,8,6,0.9994361400604248
639534,133,185,261,7,7,6,0.9991867542266846
639534,231,182,254,6,8,7,0.9992848038673401
647210,292,221,30,6,5,4,0.9979385137557983
647210,258,91,73,5,4,4,0.9696962237358093
647210,94,223,64,8,7,6,0.9991434216499329
647210,229,217,59,5,5,4,0.9913235306739807
647210,132,104,88,5,5,3,0.9951037764549255
647210,123,191,99,9,8,5,0.9993141293525696
647210,224,99,119,7,6,5,0.9981462359428406
647210,149,156,125,5,6,3,0.9843506813049316
647210,125,181,119,4,4,3,0.9848782420158386
647210,229,254,124,5,5,3,0.9888852834701538
647210,125,120,169,5,6,3,0.9924087524414062
647210,200,160,189,17,36,15,0.9987753033638
647210,259,157,191,6,6,4,0.9994948506355286
647210,263,157,200,4,4,3,0.9669142365455627
647210,203,191,190,19,27,11,0.9981218576431274
647210,167,154,218,11,11,6,0.9942487478256226
656465,316,156,25,11,11,8,0.9955609440803528
656465,323,157,67,6,6,5,0.9984518885612488
656465,217,219,61,6,6,5,0.9985166788101196
656465,136,247,67,5,5,4,0.9963989853858948
656465,186,280,70,8,7,6,0.999453604221344
656465,322,157,66,5,5,5,0.993272602558136
656465,185,288,138,5,5,3,0.9988903999328613
656465,199,254,170,10,9,6,0.9999049305915833
656465,182,217,193,8,8,12,0.9993274211883545
388509,233,265,34,7,7,5,0.9958968758583069
388509,256,280,33,24,12,6,0.9992269277572632
388509,289,201,73,8,8,5,0.9983439445495605
388509,136,251,70,19,27,18,0.9991986155509949
388509,315,247,73,10,10,6,0.9995129704475403
388509,260,285,59,18,11,6,0.9987195730209351
388509,288,283,56,6,6,4,0.9903936982154846
388509,137,104,96,6,6,3,0.9944291114807129
388509,137,103,103,6,6,4,0.9982276558876038
388509,125,160,101,15,12,9,0.9994592666625977
388509,192,168,89,7,7,5,0.9970609545707703
388509,186,165,100,13,10,3,0.9976633191108704
388509,162,247,98,13,11,12,0.9997377991676331
388509,265,262,89,6,6,4,0.9931021332740784
388509,296,282,100,12,12,10,0.9993566274642944
388509,136,97,124,7,7,5,0.9998853206634521
388509,157,105,123,10,10,8,0.9962259531021118
388509,180,86,134,13,12,9,0.9982522130012512
388509,277,123,129,11,12,5,0.9996076226234436
388509,122,154,134,7,6,4,0.9981331825256348
388509,187,162,118,19,18,5,0.9997497200965881
388509,323,153,125,7,8,6,0.9968577027320862
388509,327,163,130,7,8,6,0.9947659969329834
388509,104,184,134,6,6,6,0.9983533620834351
388509,136,185,124,16,17,12,0.999117374420166
388509,218,198,127,22,21,13,0.9992386102676392
388509,290,186,124,7,6,5,0.9988240003585815
388509,105,223,120,5,5,5,0.9908736348152161
388509,128,224,120,9,9,6,0.9988482594490051
388509,247,222,128,10,17,10,0.9987059235572815
388509,153,253,123,12,12,7,0.9982329607009888
388509,160,248,135,9,7,5,0.9956041574478149
388509,184,246,121,15,15,13,0.9993944764137268
388509,312,252,124,9,8,8,0.9993385672569275
388509,123,285,139,6,5,4,0.997552752494812
388509,251,294,125,9,9,5,0.997397780418396
388509,288,296,133,10,9,8,0.9978926181793213
388509,263,89,165,7,7,4,0.9979407787322998
388509,246,87,169,10,8,5,0.9952157139778137
388509,288,93,170,7,6,5,0.9958529472351074
388509,159,137,153,8,9,5,0.9980671405792236
388509,177,134,161,35,48,22,0.9993738532066345
388509,231,134,163,21,42,12,0.9993975162506104
388509,264,137,167,20,30,14,0.9995121955871582
388509,192,160,161,64,64,41,0.9998183846473694
388509,322,199,165,10,6,5,0.9985629916191101
388509,165,223,152,10,11,9,0.9993953108787537
388509,132,255,164,7,6,4,0.9936033487319946
388509,215,93,188,10,9,7,0.9986426830291748
388509,261,91,185,5,5,4,0.9952074885368347
388509,297,105,185,8,8,6,0.9996541738510132
388509,294,98,202,5,4,3,0.96613609790802
388509,127,124,195,6,6,4,0.9975862503051758
388509,318,124,186,11,13,6,0.9977604150772095
388509,149,187,185,7,7,4,0.9961361289024353
388509,194,197,196,6,5,5,0.9947845935821533
388509,154,226,200,4,5,3,0.9882984757423401
388509,321,225,195,9,11,13,0.9987358450889587
388509,133,255,199,8,7,5,0.9993106722831726
388509,160,263,202,4,4,3,0.9997990131378174
388509,291,248,196,7,7,6,0.9996346831321716
388509,257,99,217,12,13,8,0.9980573058128357
388509,291,104,218,9,9,4,0.9996070265769958
388509,131,128,231,7,6,4,0.9976940751075745
388509,158,150,215,12,12,9,0.998730480670929
388509,282,182,230,7,8,5,0.9996894001960754
388509,159,168,249,9,9,6,0.9988375902175903
388509,253,161,250,7,7,6,0.9982762336730957
388509,248,187,253,7,6,7,0.9977430105209351
388509,250,223,265,8,8,6,0.9970731735229492
388509,324,232,232,3,3,3,0.9985935091972351
688892,67,223,66,5,4,3,0.9993779063224792
688892,261,104,92,16,14,12,0.9988253712654114
688892,95,225,104,8,7,6,0.9996771812438965
688892,122,195,130,8,7,9,0.9986026883125305
688892,220,200,132,5,6,6,0.9950376749038696
688892,240,101,168,24,23,10,0.9995806813240051
688892,251,131,159,5,5,3,0.9997163414955139
688892,125,159,191,11,12,9,0.9998041987419128
688892,95,183,252,7,7,6,0.9981076717376709
688892,224,183,257,6,4,4,0.9983377456665039
688892,188,184,288,13,12,15,0.9993491768836975
688892,189,184,316,14,12,15,0.9997760653495789
397750,254,156,33,6,6,3,0.9914306998252869
397750,231,178,37,18,22,13,0.9992762207984924
397750,239,196,33,5,5,3,0.9971981048583984
397750,239,197,33,5,6,3,0.9969571232795715
397750,133,198,132,6,6,3,0.9991827011108398
397750,153,154,164,7,7,5,0.9997034072875977
397750,187,163,155,5,5,3,0.9971462488174438
397750,99,225,165,5,5,3,0.999801516532898
397750,247,287,155,7,8,5,0.9988847374916077
397750,198,164,198,14,19,8,0.9990140199661255
397750,216,171,199,44,42,17,0.999607264995575
397750,135,180,183,6,6,4,0.9997920393943787
397750,161,199,195,56,49,34,0.9996972680091858
397750,198,208,169,7,9,7,0.9950010776519775
397750,200,194,198,48,60,23,0.9996108412742615
397750,223,192,200,62,64,28,0.9997433423995972
397750,242,199,196,22,43,15,0.9994060397148132
397750,153,215,198,15,11,9,0.9970794320106506
397750,202,214,199,20,17,12,0.9991231560707092
397750,224,223,198,64,62,27,0.9997832179069519
397750,245,217,197,26,47,13,0.9995193481445312
397750,138,255,184,5,5,3,0.999347448348999
397750,294,255,199,8,7,4,0.9992475509643555
397750,293,255,198,5,5,3,0.9998350143432617
397750,162,286,205,7,8,5,0.9978827834129333
397750,162,286,205,5,5,4,0.9956246018409729
397750,165,205,211,47,37,23,0.9996365904808044
397750,207,203,207,34,41,27,0.9995718598365784
397750,218,215,233,11,14,12,0.9976809024810791
397750,189,188,231,5,6,5,0.9983034729957581
397750,219,196,231,3,13,4,0.9951913356781006
397750,225,192,214,61,64,44,0.9997539520263672
397750,236,225,205,39,48,26,0.9997425675392151
397750,246,232,225,14,12,8,0.9986217021942139
397750,127,248,225,6,7,4,0.9995056986808777
397750,154,247,215,7,6,5,0.9980234503746033
397750,187,185,255,15,14,17,0.9994531869888306
397750,133,192,280,8,8,5,0.9990496039390564
397750,163,245,311,6,6,4,0.9998824596405029
397750,230,227,344,5,5,3,0.9874191284179688
648428,130,133,43,6,7,6,0.9984206557273865
648428,254,157,30,6,6,4,0.9993429183959961
648428,66,191,37,15,15,6,0.9980114102363586
648428,106,37,69,6,7,4,0.9962064027786255
648428,230,129,73,6,6,4,0.9940316081047058
648428,103,157,68,7,6,5,0.9962460994720459
648428,226,156,62,7,7,6,0.9969148635864258
648428,58,192,70,6,6,5,0.9960300326347351
648428,59,157,94,6,6,4,0.9997128248214722
648428,72,152,104,8,9,5,0.9991956949234009
648428,99,164,95,7,7,5,0.9969481229782104
648428,227,186,98,5,6,3,0.998313307762146
648428,99,101,165,10,10,6,0.9986879825592041
648428,193,133,160,4,6,3,0.9889076352119446
648428,197,133,166,8,8,5,0.998137354850769
648428,71,122,190,5,5,3,0.993466854095459
648428,60,137,215,6,6,4,0.9985517263412476
655457,60,159,64,7,6,4,0.9997190237045288
655457,128,165,60,7,5,8,0.9954615235328674
655457,96,188,60,10,10,7,0.9983357191085815
655457,232,185,59,7,6,5,0.9999774694442749
655457,86,167,104,7,6,3,0.9971457123756409
655457,130,167,100,15,11,7,0.9991579055786133
655457,198,193,96,16,15,16,0.9990487694740295
655457,228,99,135,6,7,4,0.9983495473861694
655457,91,165,158,7,6,5,0.997977614402771
655457,225,154,165,5,5,4,0.9917476773262024
682280,93,233,44,7,6,4,0.9983066916465759
682280,297,219,44,3,5,3,0.9792407751083374
682280,201,78,34,19,22,5,0.9972384572029114
682280,197,77,34,5,7,5,0.9941067099571228
682280,256,222,66,7,8,11,0.9976748824119568
682280,296,184,99,7,8,5,0.9981476068496704
682280,280,249,93,7,6,6,0.9992050528526306
682280,101,192,134,5,5,3,0.9940087795257568
682280,136,167,168,12,11,7,0.9989514350891113
682280,259,219,159,4,4,3,0.9890974760055542
682280,121,256,159,7,7,5,0.9986497163772583
682280,213,105,182,13,13,9,0.9983792901039124
682280,189,197,196,9,9,5,0.9981027841567993
682280,128,184,224,9,9,16,0.9994341135025024
682280,260,196,225,11,11,13,0.9994737505912781
682280,128,192,256,8,8,6,0.9982479810714722
682280,193,186,290,17,15,11,0.9980722069740295
682280,175,334,260,3,9,4,0.9963611364364624
693057,127,95,3,6,12,7,0.9937036633491516
693057,152,218,41,8,8,8,0.999712347984314
693057,168,191,67,7,6,5,0.995170533657074
693057,255,215,64,8,7,6,0.9977879524230957
693057,99,105,103,6,7,4,0.9968150854110718
693057,183,150,89,9,9,9,0.998324990272522
693057,166,223,104,9,9,8,0.99875807762146
693057,103,120,119,10,9,7,0.9994246959686279
693057,254,159,133,8,7,7,0.9986410140991211
693057,136,203,129,6,4,4,0.9959388971328735
693057,157,189,126,21,23,12,0.9993570446968079
693057,262,189,128,16,20,13,0.999264121055603
693057,119,215,124,6,5,3,0.9948912262916565
693057,165,227,128,6,5,4,0.9964450001716614
693057,297,57,160,10,11,7,0.9988985061645508
693057,131,93,194,6,7,5,0.9969813227653503
693057,133,195,191,8,8,5,0.999202311038971
693057,159,192,184,5,4,3,0.9949595928192139
693057,163,230,195,9,9,12,0.998863935470581
693057,171,163,232,6,6,5,0.9928483963012695
693057,258,195,226,9,9,7,0.9995332360267639
693057,178,217,221,7,7,6,0.9987592697143555
693057,162,124,246,9,8,6,0.999419629573822
693057,252,169,264,13,12,8,0.9992754459381104
693057,184,197,254,12,11,9,0.9991693496704102
693057,253,169,284,14,12,8,0.9989906549453735
657795,222,169,39,6,5,3,0.989173412322998
657795,124,191,31,6,6,4,0.9977386593818665
657795,222,224,33,6,5,4,0.9996821880340576
657795,61,121,58,7,8,5,0.9980641603469849
657795,234,127,66,6,7,3,0.986758291721344
657795,130,183,58,7,7,7,0.9987860918045044
657795,199,217,68,6,6,5,0.9992479681968689
657795,262,218,54,7,6,4,0.9978551268577576
657795,190,101,101,9,8,4,0.9998704791069031
657795,216,99,89,6,6,4,0.99899822473526
657795,136,185,99,7,7,4,0.9986061453819275
657795,116,227,98,12,11,15,0.9995425343513489
657795,68,101,133,6,5,5,0.9964984059333801
657795,94,93,131,5,6,5,0.9958152174949646
657795,167,95,121,6,6,4,0.9976422786712646
657795,122,194,134,7,7,5,0.9997066855430603
657795,88,249,134,6,6,5,0.9965022206306458
657795,121,125,154,7,6,5,0.9985034465789795
657795,92,226,164,6,6,3,0.9969126582145691
657795,121,214,154,6,6,4,0.9941137433052063
657795,95,135,190,6,6,5,0.9950522780418396
657795,134,184,187,7,10,5,0.9987831711769104
657795,224,130,220,5,5,3,0.9993444085121155
657795,89,166,235,6,6,4,0.9925128221511841
657795,259,188,216,8,8,7,0.9991537928581238
657795,249,179,230,8,7,5,0.9997921586036682
657795,94,199,249,6,6,4,0.9996272921562195
655992,122,120,18,13,10,3,0.9987731575965881
655992,219,124,22,10,10,6,0.9991136789321899
655992,258,126,74,4,3,3,0.9810144901275635
655992,288,168,59,8,7,7,0.9986560344696045
655992,290,168,60,5,7,9,0.9985126852989197
655992,255,95,95,6,7,4,0.9969243407249451
655992,293,197,94,6,5,4,0.9973269701004028
655992,63,128,127,7,11,9,0.9930313229560852
655992,120,192,123,7,7,5,0.999474287033081
655992,127,223,122,17,18,11,0.9991159439086914
655992,268,257,128,6,5,3,0.991830050945282
655992,158,192,163,9,10,11,0.9966613054275513
655992,100,151,192,9,10,9,0.9995102286338806
655992,265,164,195,7,6,4,0.9986885190010071
655992,129,200,221,8,6,4,0.9961938261985779
655992,96,222,215,5,5,4,0.9963916540145874
655992,163,131,260,7,6,5,0.9998055696487427
655992,199,120,265,5,6,4,0.9913474917411804
655992,119,167,255,6,6,7,0.9983124732971191
655992,249,158,257,5,6,3,0.9998106360435486
655992,129,197,260,8,8,6,0.9989688992500305
655992,137,185,261,6,6,5,0.9978918433189392
655992,154,189,260,8,7,9,0.9984575510025024
655992,259,200,248,10,11,11,0.9994884729385376
655992,165,165,289,16,17,13,0.9990490078926086
655992,191,158,287,27,29,14,0.9993882179260254
655992,199,152,311,36,34,10,0.9988619089126587
655992,158,191,287,7,6,6,0.9964942336082458
655992,122,263,285,5,4,4,0.994374692440033
655992,162,170,311,8,9,6,0.9976860880851746
655992,255,165,316,6,6,3,0.9956043362617493
655992,201,201,313,8,8,6,0.999274492263794
655992,231,249,314,7,9,6,0.9978089928627014
655992,221,194,349,5,6,4,0.992215633392334
689419,264,103,28,11,9,5,0.9945831894874573
689419,243,118,22,8,8,6,0.9984269142150879
689419,254,197,129,6,6,5,0.9935671091079712
689419,295,186,119,8,9,5,0.9992077946662903
689419,284,192,134,8,8,4,0.999175488948822
689419,234,73,167,7,6,5,0.9986680150032043
689419,121,103,160,13,14,16,0.9996036291122437
689419,127,135,158,11,11,7,0.9984232187271118
689419,131,187,159,12,11,6,0.9963124394416809
689419,123,129,194,7,6,3,0.9989430904388428
689419,220,153,227,8,7,8,0.9991177320480347
689419,221,158,257,7,8,5,0.9987425208091736
689419,248,196,249,7,7,4,0.9919533133506775
400058,250,127,33,7,7,5,0.9995313286781311
400058,280,127,33,6,8,5,0.9991687536239624
400058,63,223,31,11,11,6,0.9987547397613525
400058,192,234,32,7,6,5,0.9981165528297424
400058,90,243,38,7,7,7,0.9998099207878113
400058,223,282,42,10,8,7,0.9991329312324524
400058,121,137,73,12,10,6,0.9985411763191223
400058,164,159,67,17,15,10,0.9992179274559021
400058,217,160,68,18,19,12,0.9993458390235901
400058,215,196,67,5,4,3,0.9958881735801697
400058,39,219,63,8,8,5,0.9993781447410583
400058,59,225,62,12,14,7,0.9989352822303772
400058,258,225,64,17,14,15,0.9996616244316101
400058,289,225,63,18,17,18,0.9994717240333557
400058,73,250,68,8,6,4,0.9958027601242065
400058,233,251,68,9,10,11,0.9983612298965454
400058,220,281,63,7,8,6,0.9983488321304321
400058,233,280,68,8,8,11,0.9976338744163513
400058,72,99,93,7,7,5,0.9983169436454773
400058,230,96,97,7,7,5,0.9996753334999084
400058,123,123,89,8,7,5,0.998127818107605
400058,72,159,94,6,7,4,0.9974994659423828
400058,202,169,95,6,6,4,0.9965876936912537
400058,221,187,105,9,10,6,0.99979567527771
400058,69,217,98,9,9,7,0.9995052218437195
400058,219,221,89,8,8,6,0.9998369812965393
400058,193,251,99,13,11,6,0.998916745185852
400058,215,259,94,8,7,5,0.9989199638366699
400058,196,282,99,6,6,4,0.9970572590827942
400058,278,263,94,6,6,4,0.9941997528076172
400058,69,103,139,8,7,5,0.9993122816085815
400058,102,97,124,6,6,4,0.9998751282691956
400058,70,125,119,7,7,6,0.997971773147583
400058,128,128,130,64,64,60,0.9999223351478577
400058,160,128,132,64,64,52,0.9999197721481323
400058,179,128,135,39,64,30,0.999634861946106
400058,247,131,134,10,9,6,0.9991857409477234
400058,104,164,131,10,12,7,0.995953381061554
400058,128,155,131,64,54,50,0.9998738765716553
400058,160,160,130,64,64,51,0.9999043345451355
400058,197,165,134,7,7,6,0.9988104104995728
400058,87,222,130,8,8,6,0.9996739029884338
400058,93,101,169,9,9,6,0.9996762275695801
400058,84,134,151,8,9,6,0.9997763633728027
400058,133,129,141,53,62,26,0.9997645616531372
400058,137,128,176,46,64,32,0.9997709393501282
400058,160,128,160,64,64,64,0.999853789806366
400058,178,126,142,37,61,29,0.9994913339614868
400058,175,150,173,17,14,9,0.9983230829238892
400058,128,151,142,64,46,28,0.9997368454933167
400058,141,153,172,37,23,16,0.9994890093803406
400058,160,155,142,64,50,28,0.9996914863586426
400058,163,153,176,58,50,32,0.999701201915741
400058,180,153,173,34,41,27,0.999642550945282
400058,64,200,149,9,8,5,0.9992311596870422
400058,199,287,159,5,4,3,0.9973633289337158
400058,98,130,192,13,21,23,0.9991230368614197
400058,138,121,182,44,50,30,0.9994894862174988
400058,156,128,182,57,64,30,0.9996259808540344
400058,121,154,190,41,46,27,0.9993147850036621
400058,163,153,179,48,50,22,0.9996209144592285
400058,71,195,195,7,6,5,0.9968411326408386
400058,246,198,194,6,6,5,0.9970409274101257
400058,66,216,195,8,7,6,0.9989243149757385
400058,218,225,192,10,10,8,0.9991335272789001
400058,125,128,220,16,15,14,0.9982301592826843
400058,73,166,230,10,9,7,0.9989997744560242
400058,67,155,234,5,5,3,0.9917330145835876
400058,58,163,235,5,6,4,0.9976553916931152
400058,171,160,226,41,64,43,0.99973064661026
400058,127,202,231,4,5,4,0.9939889907836914
400058,191,127,256,10,11,6,0.9999880194664001
400058,88,171,252,16,14,11,0.9996362924575806
400058,153,155,260,9,9,9,0.9994450807571411
400058,94,192,255,8,8,6,0.9994910359382629
400058,126,151,281,13,11,9,0.9995855689048767
400058,191,187,285,8,7,5,0.9980525970458984
688190,199,96,28,4,5,4,0.9988827109336853
688190,214,185,63,7,7,5,0.9957200884819031
688190,94,226,63,7,6,4,0.993098258972168
688190,289,215,55,6,6,5,0.9999019503593445
688190,161,99,105,8,9,6,0.9989685416221619
688190,129,190,94,6,7,4,0.99942547082901
688190,259,185,104,6,6,4,0.9975100159645081
688190,129,166,133,7,5,5,0.996518611907959
688190,122,248,134,8,7,8,0.9995560646057129
688190,247,102,154,5,5,3,0.9965954422950745
688190,250,188,190,6,5,3,0.9925844669342041
688190,224,124,221,8,6,4,0.9998013377189636
664003,121,135,40,11,11,6,0.9985489249229431
664003,96,94,65,10,15,13,0.998568058013916
664003,90,162,65,16,14,11,0.9993909597396851
664003,127,159,56,6,7,6,0.9974350929260254
664003,152,154,62,6,6,4,0.9972847104072571
664003,259,66,88,10,11,10,0.9990847706794739
664003,97,124,98,16,12,11,0.9992971420288086
664003,224,63,127,6,6,5,0.9970161318778992
664003,120,88,125,12,12,5,0.9964063167572021
664003,164,89,125,7,10,5,0.9953984022140503
664003,192,124,133,19,26,13,0.9986816644668579
664003,97,95,159,5,4,4,0.9978172779083252
664003,251,99,161,7,7,6,0.997959554195404
664003,131,131,153,6,10,4,0.998458981513977
664003,196,130,148,22,29,14,0.9988409876823425
664003,199,126,162,10,13,9,0.9986001253128052
664003,88,102,199,5,3,4,0.9558619856834412
664003,168,102,201,5,6,4,0.9964672327041626
664003,91,159,185,6,7,7,0.9982337951660156
689124,96,83,70,10,11,8,0.9991495013237
689124,205,116,56,14,12,12,0.9995515942573547
689124,253,103,95,17,11,5,0.9995677471160889
689124,91,188,98,5,6,4,0.990724503993988
689124,127,193,99,5,6,4,0.9995078444480896
689124,288,122,131,9,13,14,0.9992986917495728
689124,90,161,127,11,17,9,0.9990975260734558
689124,258,201,119,9,7,5,0.9995273947715759
689124,286,192,135,6,6,4,0.9983023405075073
689124,154,74,160,7,8,6,0.9987303614616394
689124,102,164,152,14,14,8,0.9976981282234192
689124,126,94,192,6,6,5,0.9989768266677856
689124,130,134,199,5,5,3,0.9926807880401611
689124,102,162,185,7,6,4,0.9935078024864197
689124,92,159,189,7,6,5,0.9958688616752625
689124,123,166,185,13,15,6,0.9991790056228638
689124,136,164,253,8,8,6,0.9979786276817322
689124,197,165,290,6,6,8,0.9971708655357361
648061,279,121,38,4,4,3,0.9798934459686279
648061,158,129,99,7,8,4,0.9974996447563171
648061,68,155,103,7,6,6,0.9976237416267395
648061,156,154,97,10,10,11,0.9990072250366211
648061,247,193,104,6,6,5,0.9986692667007446
648061,291,129,129,7,7,5,0.9996764063835144
648061,251,199,135,8,6,5,0.9981498122215271
648061,124,225,129,7,7,6,0.9990278482437134
648061,119,259,119,9,9,10,0.9996362328529358
648061,137,259,127,6,5,5,0.9974048733711243
648061,184,140,154,21,9,10,0.9992929100990295
648061,195,123,155,19,22,8,0.9981129169464111
648061,184,116,164,38,40,23,0.9992977976799011
648061,137,163,160,6,5,4,0.9942597150802612
648061,193,165,153,33,31,11,0.9978348612785339
648061,179,148,154,9,11,5,0.997278094291687
648061,135,162,159,4,5,3,0.9853401184082031
648061,223,192,161,28,26,21,0.9990792870521545
648061,279,223,163,6,6,5,0.9964196085929871
648061,193,133,188,62,54,41,0.9997549653053284
648061,221,140,178,23,29,11,0.9991899728775024
648061,171,163,187,42,58,33,0.9997187256813049
648061,192,160,186,64,64,49,0.9997568726539612
648061,203,185,176,16,13,7,0.9978596568107605
648061,220,163,176,6,10,5,0.9974730610847473
648061,215,160,193,47,64,23,0.9996870160102844
648061,189,186,176,17,11,8,0.9974067211151123
648061,196,179,193,29,39,13,0.9992947578430176
648061,219,189,196,30,32,16,0.9992381930351257
648061,288,196,189,8,8,7,0.998452365398407
648061,263,163,215,5,5,4,0.9947028756141663
648061,276,185,220,6,6,5,0.9975033402442932
648061,151,196,255,8,9,6,0.998303234577179
648061,194,200,261,11,13,11,0.9991010427474976
648061,124,227,288,4,5,3,0.9954695701599121
653671,68,152,103,4,5,4,0.9939618110656738
653671,66,190,87,5,5,4,0.9811158776283264
653671,161,97,127,9,9,6,0.9981090426445007
653671,124,132,135,6,5,4,0.99386066198349
653671,128,189,132,14,14,11,0.9986995458602905
653671,153,194,120,14,22,11,0.9991962313652039
653671,120,109,161,8,7,5,0.999599277973175
653671,255,169,168,7,6,3,0.9990721940994263
653671,127,154,221,6,5,3,0.9863162636756897
655394,248,92,39,8,8,6,0.9987825751304626
655394,289,127,18,7,6,5,0.9973226189613342
655394,314,201,90,6,6,5,0.9987407922744751
655394,261,215,98,10,9,10,0.9982496500015259
655394,248,223,104,7,9,6,0.9971087574958801
655394,122,122,133,6,5,4,0.9987742304801941
655394,129,195,125,10,9,7,0.9986600279808044
655394,190,201,133,7,7,4,0.9975639581680298
655394,256,189,131,10,8,12,0.9969606995582581
655394,249,218,127,6,8,6,0.9976612329483032
655394,116,133,167,12,11,11,0.9993138909339905
655394,157,128,151,15,21,10,0.9993619322776794
655394,258,162,154,6,5,3,0.9778629541397095
655394,300,159,167,8,7,7,0.999402642250061
655394,300,159,168,7,7,7,0.9979797005653381
655394,161,200,156,12,9,6,0.9961130619049072
655394,289,184,167,5,5,3,0.9952701330184937
655394,104,216,154,6,3,3,0.9957374334335327
655394,162,218,158,13,17,12,0.9989810585975647
655394,126,122,198,8,8,9,0.9987787008285522
655394,199,118,195,7,7,4,0.9967804551124573
655394,158,193,225,8,9,7,0.9994779825210571
655394,233,230,217,10,9,9,0.9996980428695679
655394,157,247,224,7,6,6,0.9972196221351624
655394,251,197,251,13,14,13,0.9992445707321167
655431,245,156,25,7,7,5,0.9991241693496704
655431,255,137,99,5,5,3,0.9973291158676147
655431,311,195,99,6,7,5,0.9962928295135498
655431,196,137,156,9,9,7,0.9964725971221924
655431,151,219,160,7,8,5,0.9944890737533569
655431,249,221,159,8,8,5,0.9951668381690979
655431,215,165,199,5,4,3,0.9968029856681824
655431,231,219,199,18,23,11,0.9981741309165955
655431,162,193,223,7,6,5,0.9995218515396118
655431,258,192,253,18,9,4,0.9984931945800781
682499,97,221,68,5,5,4,0.9899046421051025
682499,224,224,62,7,7,5,0.9992105960845947
682499,283,127,100,7,7,6,0.9983095526695251
682499,293,162,93,5,5,3,0.9927811622619629
682499,222,191,90,5,5,3,0.9882410764694214
682499,224,193,97,7,7,5,0.9982127547264099
682499,126,217,98,6,7,5,0.999103307723999
682499,263,219,94,5,5,4,0.9963601231575012
682499,288,137,134,5,5,3,0.9996708035469055
682499,152,186,126,6,6,3,0.9924930930137634
682499,248,187,136,10,10,9,0.9987411499023438
682499,262,226,128,5,5,3,0.9703589677810669
682499,158,105,150,8,8,5,0.9975886344909668
682499,154,115,191,8,7,6,0.9998058676719666
682499,219,230,199,5,5,3,0.9900519251823425
682499,127,158,223,8,8,6,0.9987322688102722
682499,125,194,221,9,9,7,0.9976953268051147
682499,155,186,257,5,6,5,0.9965694546699524
655633,222,91,37,5,5,4,0.997183084487915
655633,96,94,104,7,8,4,0.998879611492157
655633,266,155,95,7,8,8,0.9994032979011536
655633,285,155,95,9,10,8,0.9998425245285034
655633,194,197,101,7,7,8,0.9968588948249817
655633,223,191,98,7,6,6,0.9957209825515747
655633,66,125,124,5,5,3,0.9969270825386047
655633,85,127,129,9,10,6,0.998090386390686
655633,95,164,129,5,7,4,0.9990170001983643
655633,66,190,125,8,8,6,0.9994779229164124
655633,191,183,121,10,10,9,0.9992160201072693
655633,124,218,129,8,8,5,0.9998493194580078
655633,130,126,221,25,32,18,0.9990919232368469
655633,192,123,230,5,5,4,0.9973084926605225
655633,168,162,214,47,49,37,0.9992245435714722
655633,149,177,209,5,7,5,0.9943828582763672
655633,182,133,215,9,10,6,0.9924179911613464
655633,127,132,249,11,11,7,0.9965298175811768
655633,143,156,248,23,25,12,0.9990752935409546
655633,164,164,249,9,10,6,0.9971706867218018
655633,163,167,262,6,6,7,0.9993104338645935
691784,187,91,16,6,6,4,0.9984800815582275
691784,256,222,73,5,6,4,0.9969252943992615
691784,293,103,97,8,10,10,0.9976008534431458
691784,165,168,89,8,8,7,0.9998535513877869
691784,97,189,94,5,4,3,0.9575302600860596
691784,128,195,102,6,7,7,0.9977201223373413
691784,155,186,89,6,5,5,0.9928320646286011
691784,253,102,124,8,7,6,0.9995943903923035
691784,123,186,124,12,12,11,0.9987691640853882
691784,220,192,157,10,10,7,0.9955257177352905
691784,224,163,226,8,9,15,0.9998430013656616
689390,291,183,42,6,5,4,0.9964971542358398
689390,103,233,31,6,6,5,0.9985211491584778
689390,291,133,63,6,5,4,0.9936158657073975
689390,97,187,68,4,4,3,0.9884609580039978
689390,103,225,69,5,5,4,0.9945374727249146
689390,91,164,102,11,11,7,0.9988180994987488
689390,124,165,93,7,6,5,0.9965572953224182
689390,281,153,88,10,10,6,0.998866081237793
689390,182,71,119,5,6,4,0.9948650598526001
689390,133,138,128,32,44,27,0.9995083808898926
689390,136,149,134,33,43,20,0.9996033310890198
689390,250,157,125,7,6,4,0.9986516833305359
689390,98,195,128,8,8,7,0.999049723148346
689390,228,95,165,5,5,3,0.9985726475715637
689390,128,215,165,6,6,4,0.9900630116462708
689390,227,193,222,10,10,10,0.9996256232261658
676182,97,192,75,8,7,5,0.9992103576660156
676182,124,228,57,8,11,4,0.9956137537956238
676182,67,157,139,7,6,5,0.9974071979522705
676182,86,191,122,7,7,6,0.9963854551315308
676182,101,247,134,13,9,10,0.998556911945343
676182,255,193,160,7,6,4,0.9999334216117859
676182,103,229,155,7,6,4,0.9987600445747375
676182,214,251,150,5,5,4,0.9996474981307983
676182,99,165,190,5,4,3,0.9931709170341492
676182,194,160,191,6,7,4,0.9939659833908081
676182,125,198,222,5,5,3,0.9928296208381653
657065,194,186,32,6,6,4,0.99814772605896
657065,224,225,36,5,5,3,0.9961996674537659
657065,222,129,63,8,7,5,0.9975717663764954
657065,252,131,69,8,8,6,0.9986412525177002
657065,292,165,54,7,7,9,0.9978647828102112
657065,314,165,54,7,7,10,0.9983712434768677
657065,136,199,62,5,5,4,0.9944967031478882
657065,134,197,70,6,6,5,0.9997758269309998
657065,89,217,62,7,7,6,0.9984526634216309
657065,129,123,88,9,10,8,0.9993398785591125
657065,199,168,101,10,10,9,0.998776912689209
657065,231,163,95,6,5,4,0.9949694275856018
657065,129,193,97,7,6,9,0.9941055178642273
657065,230,185,88,5,4,4,0.9955781698226929
657065,216,195,96,13,17,13,0.9990931749343872
657065,219,182,104,9,8,7,0.9990193843841553
657065,247,188,89,10,10,13,0.9992798566818237
657065,102,120,133,8,8,7,0.9986865520477295
657065,200,170,136,11,11,9,0.9990436434745789
657065,227,156,122,9,9,10,0.9978132247924805
657065,220,191,132,12,14,15,0.9986581206321716
657065,229,121,159,9,10,6,0.9994111657142639
657065,227,127,168,8,7,6,0.9988773465156555
657065,124,162,193,19,27,14,0.9995622038841248
657065,158,128,224,60,64,64,0.9998469948768616
657065,162,152,223,26,22,16,0.9994478821754456
657065,154,170,232,18,18,14,0.999305009841919
657065,129,128,257,8,8,9,0.9983636140823364
657065,157,137,248,33,46,29,0.9991256594657898
657065,125,151,259,7,7,6,0.9975637197494507
657065,214,169,263,7,7,10,0.9989911913871765
657065,218,184,258,4,4,3,0.976610004901886
657065,201,215,249,6,7,4,0.9930468201637268
657853,124,65,55,5,5,4,0.9994121193885803
657853,121,184,94,15,17,13,0.9990588426589966
657853,284,192,105,7,6,4,0.9972478747367859
657853,129,158,126,7,7,6,0.9976211190223694
657853,259,195,124,8,8,9,0.9978928565979004
657853,190,183,197,5,4,3,0.9912819862365723
657853,322,191,194,7,7,7,0.9992727637290955
657853,322,191,194,5,5,4,0.9998278617858887
657853,106,216,203,14,16,10,0.9991625547409058
657853,254,218,200,6,5,4,0.9890276193618774
657853,305,216,200,14,12,8,0.9997219443321228
657853,159,162,223,11,10,20,0.998322606086731
657853,261,169,217,8,6,5,0.9948168396949768
657853,226,182,227,8,7,6,0.9995155930519104
657853,157,157,251,7,6,7,0.999809741973877
657853,261,197,246,6,6,3,0.991145133972168
673869,293,159,69,6,7,5,0.9981003999710083
673869,156,201,61,4,7,4,0.9912110567092896
673869,95,219,68,8,7,5,0.9964958429336548
673869,226,224,64,11,13,9,0.9990441203117371
673869,169,98,93,8,7,5,0.9994570016860962
673869,123,133,95,25,19,15,0.99949711561203
673869,96,159,87,64,62,47,0.999729573726654
673869,111,148,71,3,12,4,0.9945516586303711
673869,119,160,94,46,64,28,0.9997456073760986
673869,98,182,97,15,9,8,0.9981681704521179
673869,101,199,94,5,4,3,0.9870316386222839
673869,161,190,93,8,8,8,0.9984971880912781
673869,134,220,85,16,16,15,0.99937504529953
673869,134,153,128,7,7,6,0.9988683462142944
673869,138,198,128,33,40,19,0.9991863369941711
673869,98,192,165,6,6,4,0.9958488941192627
673869,286,215,161,5,6,5,0.9956831932067871
673869,255,168,190,7,7,6,0.9983662366867065
673869,123,195,190,7,6,5,0.9973458647727966
382339,255,156,34,28,28,27,0.9990983009338379
382339,270,193,40,25,31,28,0.9996196627616882
382339,133,227,41,6,6,4,0.9998126029968262
382339,261,255,37,16,18,14,0.9992453455924988
382339,95,278,30,8,7,10,0.999020516872406
382339,257,159,61,22,26,26,0.9994463920593262
382339,95,216,55,9,8,5,0.9985767602920532
382339,227,221,67,8,7,9,0.9977011680603027
382339,124,164,93,14,18,10,0.9986005425453186
382339,99,198,98,7,5,6,0.9946161508560181
382339,121,231,99,47,38,26,0.9995580911636353
382339,224,217,101,11,10,11,0.9986945986747742
382339,120,225,163,7,7,7,0.9984038472175598
382339,160,232,159,8,9,8,0.9989774823188782
382339,185,218,223,9,9,7,0.9991662502288818
414510,289,135,32,5,4,3,0.99904465675354
414510,293,193,39,6,5,4,0.9973946809768677
414510,228,232,43,5,5,3,0.9889101386070251
414510,291,129,60,7,7,8,0.9978758096694946
414510,291,129,60,6,5,4,0.9907700419425964
414510,259,120,103,8,8,6,0.9986948370933533
414510,136,220,101,20,28,14,0.9993039965629578
414510,215,230,94,9,9,6,0.9987663626670837
414510,250,231,94,9,9,7,0.9997878074645996
414510,265,230,97,10,9,9,0.9996007084846497
414510,221,96,123,19,17,17,0.9995947480201721
414510,263,107,129,6,5,4,0.9995342493057251
414510,95,150,116,35,44,34,0.9995637536048889
414510,132,228,127,19,24,13,0.998996376991272
414510,224,225,128,5,5,4,0.995019257068634
414510,227,221,133,3,4,3,0.9790172576904297
414510,287,217,139,9,10,5,0.998691976070404
414510,105,109,160,7,7,5,0.998984694480896
414510,223,101,150,8,4,3,0.9944151043891907
414510,97,169,169,6,7,5,0.9987868666648865
414510,247,243,153,7,8,5,0.9988579154014587
414510,131,189,194,15,14,11,0.99953693151474
414510,253,159,221,7,8,6,0.9975858926773071
414510,133,198,225,5,5,4,0.9927346110343933
414510,190,159,258,7,7,6,0.9983484745025635
414510,122,221,243,11,9,8,0.9997959136962891
414510,190,159,287,8,7,7,0.9991609454154968
414510,121,221,272,11,9,7,0.998245894908905
671750,195,88,33,7,7,4,0.9974700212478638
671750,223,91,32,5,6,6,0.9978156089782715
671750,199,196,65,7,8,9,0.998669445514679
671750,195,197,96,5,5,4,0.9921543598175049
671750,222,224,103,4,3,3,0.9762799143791199
671750,256,129,128,5,5,3,0.9984539151191711
671750,101,167,185,9,9,6,0.9973074197769165
672672,194,117,38,5,5,4,0.9981611967086792
672672,62,216,69,11,10,6,0.9996584057807922
672672,65,157,94,5,6,5,0.9990442395210266
672672,219,155,98,5,3,3,0.9873166680335999
672672,186,183,103,7,6,4,0.9977232813835144
672672,100,86,164,7,7,4,0.9996046423912048
672672,224,127,170,6,6,4,0.997069239616394
672672,121,170,169,8,7,6,0.9970829486846924
672672,169,159,150,8,8,4,0.999089777469635
672672,192,160,158,12,11,14,0.998612105846405
672672,55,196,154,8,9,5,0.9989806413650513
672672,89,223,163,10,9,10,0.9986876249313354
672672,38,158,229,7,7,5,0.9991106986999512
672672,73,133,255,8,7,5,0.9983810782432556
672672,130,139,230,7,8,7,0.9965572357177734
672672,120,119,266,9,9,8,0.996832013130188
672672,90,151,254,3,5,3,0.9792160987854004
672672,119,118,278,14,13,8,0.9991061687469482
672672,120,123,317,11,10,10,0.9992800354957581
672672,164,135,313,6,8,4,0.9951490759849548
672672,125,150,315,16,16,13,0.9991146922111511
543981,283,153,65,6,6,5,0.9978117346763611
543981,319,153,66,14,10,6,0.998895525932312
543981,227,155,151,8,7,5,0.9991475939750671
543981,233,156,161,10,11,9,0.9989371299743652
543981,231,191,158,3,4,3,0.997852087020874
543981,184,255,158,5,4,3,0.9831711053848267
543981,196,256,167,5,5,4,0.986987292766571
543981,231,253,151,6,6,6,0.9992415904998779
543981,226,249,158,12,6,5,0.9974038004875183
543981,183,277,153,9,7,6,0.9978950619697571
543981,182,317,159,5,5,4,0.9883151054382324
543981,182,315,168,7,7,6,0.9960514307022095
543981,218,219,192,4,5,3,0.9758231043815613
543981,227,189,224,9,11,9,0.998977780342102
543981,225,223,231,10,11,6,0.9973825216293335
543981,252,264,249,8,8,4,0.9992388486862183
543981,294,188,289,12,7,6,0.9980477690696716
543981,313,261,294,6,6,7,0.9990230798721313
543981,168,391,320,12,13,16,0.9994070529937744
655432,249,116,22,17,19,11,0.9990178346633911
655432,249,225,63,7,4,4,0.9873458743095398
655432,137,255,64,6,7,4,0.9979059100151062
655432,155,227,94,13,19,9,0.9971767663955688
655432,228,233,95,9,7,7,0.9983277916908264
655432,135,168,123,5,5,3,0.9992641806602478
655432,154,219,124,10,12,7,0.9958521127700806
655432,129,162,155,14,25,10,0.9995518326759338
655432,130,158,196,5,5,3,0.9967157244682312
655432,232,183,194,7,7,8,0.9986209869384766
655376,162,257,93,13,12,16,0.9988022446632385
655376,126,223,126,8,6,6,0.9988315105438232
655376,156,220,131,14,16,15,0.9987400770187378
655376,164,291,136,7,6,5,0.9993603825569153
655376,323,157,149,6,6,5,0.9972299933433533
655376,169,259,162,8,7,3,0.9943004250526428
655376,229,155,185,8,6,4,0.9969293475151062
655376,225,163,202,8,8,6,0.9985220432281494
655376,132,191,192,8,8,4,0.9991990327835083
655376,192,225,224,7,8,6,0.9997033476829529
655376,128,256,220,11,9,7,0.9983310699462891
655376,121,264,226,9,10,7,0.9983527064323425
655376,159,192,258,5,5,3,0.9979738593101501
655376,338,199,226,8,22,5,0.9852529168128967
655376,340,220,226,5,36,5,0.9871695637702942
655376,135,255,249,8,7,5,0.9978050589561462
655376,155,264,251,6,5,3,0.9968742728233337
655376,341,238,226,4,9,4,0.9746271967887878
655376,325,268,226,4,10,4,0.9906371831893921
628766,278,89,71,12,11,9,0.9989211559295654
628766,67,201,59,8,8,6,0.9990699291229248
628766,104,202,62,6,6,5,0.9924946427345276
628766,256,225,62,6,6,3,0.9888070821762085
628766,122,96,97,6,7,5,0.9972960352897644
628766,293,126,103,7,7,5,0.9977723956108093
628766,165,161,93,4,4,3,0.9918199181556702
628766,221,196,95,7,7,7,0.9996715784072876
628766,128,222,103,7,6,5,0.9971091747283936
628766,251,155,123,7,8,5,0.9993889331817627
628766,262,161,139,6,6,4,0.9997459053993225
628766,123,190,126,10,9,7,0.9982631802558899
628766,193,107,168,15,10,4,0.9946791529655457
628766,120,160,152,10,22,7,0.9969480037689209
628766,230,160,195,19,20,13,0.9988013505935669
628766,89,194,184,6,5,3,0.9937397837638855
628766,199,176,188,4,5,7,0.99730384349823
628766,221,119,222,5,5,4,0.9923234581947327
628766,247,133,225,5,5,4,0.9925417304039001
628766,130,158,223,9,8,10,0.9989849328994751
401070,61,127,58,5,5,5,0.9963715076446533
401070,224,164,59,18,20,14,0.999249279499054
401070,63,201,57,8,8,4,0.9956837296485901
401070,136,84,89,5,6,5,0.9968975186347961
401070,159,89,88,8,6,5,0.996852457523346
401070,222,151,92,19,17,14,0.9996476769447327
401070,92,121,119,10,10,8,0.9991214871406555
401070,92,131,131,6,7,4,0.9975533485412598
401070,135,161,126,7,6,5,0.9983764886856079
401070,64,157,160,6,5,3,0.9897952675819397
401070,196,162,163,20,19,18,0.999539315700531
656403,291,125,45,6,5,3,0.9881651997566223
656403,290,157,68,11,10,3,0.9949134588241577
656403,96,159,102,6,5,3,0.9992799758911133
656403,324,172,82,8,9,6,0.9989089965820312
656403,323,173,82,6,6,4,0.9939829707145691
656403,136,135,136,7,6,5,0.9981244206428528
656403,91,160,122,9,8,4,0.9994829893112183
656403,131,215,130,8,8,4,0.9969722628593445
656403,161,256,128,5,4,3,0.9953436255455017
656403,256,256,135,5,5,3,0.996605634689331
656403,154,195,166,14,20,8,0.9980068206787109
656403,156,149,197,7,6,4,0.9981743693351746
656403,127,201,231,6,6,4,0.9969863295555115
656403,163,192,228,6,5,4,0.9966685175895691
656403,125,215,225,5,4,4,0.992917537689209
695349,230,183,59,7,7,4,0.9996321201324463
695349,197,226,59,9,8,7,0.9962826371192932
695349,250,220,59,9,9,6,0.9998894333839417
695349,66,124,129,6,6,4,0.9973906874656677
695349,96,224,160,7,7,5,0.9984682202339172
695349,222,246,169,5,5,3,0.9965711832046509
695349,96,160,190,3,3,3,0.9805779457092285
695349,196,153,190,9,8,6,0.9996604919433594
695349,120,224,224,7,7,6,0.998969554901123
663638,223,187,63,6,6,5,0.9946988224983215
663638,62,93,66,3,5,4,0.9831379652023315
663638,125,124,93,10,8,5,0.9991042017936707
663638,229,134,89,6,6,4,0.9980306625366211
663638,253,151,94,9,7,6,0.9989523887634277
663638,137,157,126,12,13,13,0.9995308518409729
663638,99,193,128,5,4,3,0.9995929598808289
663638,197,95,184,8,6,7,0.9989879131317139
663638,260,99,185,7,7,6,0.9975528717041016
663638,252,152,190,6,7,4,0.9996296763420105
663638,128,130,228,8,7,10,0.9981643557548523
663638,127,152,231,6,5,4,0.9958019256591797
663638,126,155,257,8,9,9,0.9990783929824829
663638,219,155,261,10,9,9,0.9994602799415588
663638,189,156,281,5,5,3,0.9960740804672241
630889,257,151,63,6,6,4,0.9988064765930176
630889,103,193,69,10,10,7,0.9991435408592224
630889,132,187,68,6,7,8,0.9978006482124329
630889,247,184,67,9,8,12,0.9979615211486816
630889,124,129,93,6,6,5,0.9994097948074341
630889,257,131,87,7,7,5,0.9978275895118713
630889,259,136,99,9,9,5,0.9996024966239929
630889,256,129,104,6,6,3,0.9992762804031372
630889,132,152,93,8,9,12,0.9991308450698853
630889,224,165,93,15,13,13,0.9992743730545044
630889,91,218,96,7,6,4,0.9953752160072327
630889,54,156,139,7,7,5,0.9968768954277039
630889,131,168,134,7,5,3,0.9915642142295837
630889,99,187,132,14,8,11,0.9987439513206482
630889,157,96,191,6,6,4,0.9939559102058411
630889,229,137,188,9,9,10,0.9991304278373718
630889,188,161,201,5,3,3,0.9849334955215454
630889,133,159,225,7,5,4,0.9970154762268066
655574,162,195,100,8,6,15,0.9974365234375
655574,137,224,96,8,8,6,0.9982889294624329
655574,160,189,127,11,12,11,0.99929279088974
655574,227,197,122,14,13,13,0.999629020690918
655574,100,123,161,7,6,8,0.9980921149253845
655574,231,165,218,5,5,4,0.9956364035606384
655574,137,189,228,8,7,8,0.9987066984176636
687474,125,71,98,21,13,8,0.9996463060379028
687474,254,121,87,7,6,5,0.9979889988899231
687474,251,127,98,6,6,4,0.9969476461410522
687474,214,163,89,5,4,3,0.9852356314659119
687474,219,188,91,5,6,5,0.99215167760849
687474,92,85,128,6,7,6,0.9959508776664734
687474,221,187,133,9,11,10,0.9965043663978577
687474,127,158,155,8,9,7,0.99853515625
687474,124,199,159,6,6,5,0.9965041875839233
687474,290,146,180,4,6,5,0.9995808601379395
687474,196,173,199,19,19,14,0.998875081539154
687474,290,146,180,4,6,6,0.9977161288261414
687474,151,186,195,5,6,4,0.9980894327163696
687474,160,128,218,64,64,52,0.999954104423523
687474,192,128,216,64,64,48,0.9999407529830933
687474,72,162,225,8,15,5,0.9988788366317749
687474,157,151,201,43,43,18,0.9991574287414551
687474,186,150,198,5,17,6,0.9947687387466431
687474,192,160,217,64,64,50,0.9999656081199646
687474,216,155,225,14,21,11,0.9992844462394714
687474,167,194,230,4,9,4,0.9954198002815247
687474,129,217,230,7,7,5,0.9991022348403931
687474,160,284,222,6,5,3,0.9976346492767334
687474,169,126,254,38,42,21,0.9996516108512878
687474,199,214,251,6,6,4,0.9969694018363953
687474,126,153,286,8,8,6,0.9993651509284973
687474,231,216,280,7,7,6,0.998066782951355
687474,217,210,288,7,7,6,0.9999383687973022
682056,247,93,99,10,10,9,0.9991732835769653
682056,128,185,101,6,7,5,0.9983487129211426
682056,222,187,106,5,4,3,0.9969874024391174
682056,127,167,131,8,8,6,0.9979680180549622
682056,151,153,130,9,9,9,0.9996241331100464
682056,161,54,155,6,6,4,0.9987656474113464
682056,160,96,163,64,64,50,0.9998762607574463
682056,192,96,166,64,64,44,0.9998824000358582
682056,208,101,174,33,48,15,0.9995843768119812
682056,137,133,167,8,12,7,0.9962728023529053
682056,160,128,162,64,64,59,0.9999240040779114
682056,192,128,165,64,64,45,0.9999029636383057
682056,209,123,172,31,34,21,0.9994487762451172
682056,134,150,162,13,12,9,0.9966802000999451
682056,166,149,171,42,28,21,0.9993234872817993
682056,192,158,163,64,60,48,0.9997894763946533
682056,224,163,164,10,13,11,0.998467743396759
682056,98,198,159,8,7,5,0.9993004202842712
682056,217,201,155,6,6,4,0.9963662624359131
682056,134,100,193,14,20,11,0.999309241771698
682056,165,96,173,50,64,26,0.999710202217102
682056,167,99,210,50,58,28,0.9996581077575684
682056,192,96,173,64,64,27,0.9997724294662476
682056,181,98,209,43,60,30,0.9996667504310608
682056,208,107,174,32,32,19,0.9992036819458008
682056,160,128,192,64,64,64,0.9998330473899841
682056,192,128,174,64,64,29,0.9998437762260437
682056,184,128,208,49,64,32,0.9997495412826538
682056,210,123,176,30,28,19,0.9995541572570801
682056,166,147,174,19,20,16,0.9993658065795898
682056,185,150,174,51,40,28,0.9997203946113586
682056,186,153,206,41,34,23,0.999321460723877
682056,169,169,213,11,10,5,0.9983906745910645
682056,153,195,185,6,6,4,0.9988214373588562
682056,172,93,213,31,36,14,0.9984292387962341
682056,160,128,213,64,64,29,0.9997314810752869
682056,184,133,212,38,54,22,0.999297022819519
682056,130,162,223,9,9,7,0.9985178709030151
682056,167,168,214,12,10,4,0.9980406761169434
682056,194,160,216,23,33,25,0.9987541437149048
682056,167,169,214,15,12,6,0.9990251660346985
682056,215,144,216,13,14,7,0.9968692064285278
682056,211,149,216,5,7,4,0.9958244562149048
682056,215,169,219,13,16,9,0.9983769655227661
682056,218,147,215,9,9,4,0.9941874146461487
682056,249,159,225,5,5,4,0.9860965013504028
682056,219,159,255,6,6,5,0.9998339414596558
672499,123,93,129,6,7,5,0.9989975094795227
672499,93,161,125,9,9,7,0.9986076951026917
672499,248,189,139,5,5,4,0.9892492890357971
672499,123,89,150,8,9,4,0.998272716999054
672499,200,158,162,10,9,8,0.9986580014228821
672499,221,159,164,4,3,3,0.9965674877166748
672499,183,124,219,9,9,6,0.9981247186660767
672499,189,154,218,13,21,9,0.9979986548423767
672499,193,160,221,4,5,4,0.9995905160903931
672499,231,153,228,12,10,10,0.9968795776367188
672499,183,161,285,6,6,6,0.9924978613853455
672499,191,197,297,5,4,4,0.994043231010437
672499,192,196,319,8,8,4,0.998381495475769
672499,192,197,318,4,4,3,0.9701728224754333
645337,43,156,58,5,7,6,0.9993402361869812
645337,96,222,65,6,5,5,0.9959971904754639
645337,95,102,90,7,7,4,0.9962466359138489
645337,62,154,94,4,4,3,0.9702996611595154
645337,217,201,101,9,9,9,0.9991492629051208
645337,247,191,98,7,6,5,0.9987634420394897
645337,233,169,134,7,6,4,0.999072253704071
645337,227,199,128,10,8,20,0.9981721043586731
645337,156,118,185,8,8,6,0.9990807175636292
645337,189,219,184,4,4,4,0.9988903999328613
645337,191,115,227,6,6,4,0.9987261295318604
645337,194,129,214,7,7,6,0.999890923500061
645337,215,151,221,6,6,4,0.9978905320167542
645337,155,188,224,18,21,8,0.9984658360481262
645337,278,195,234,3,4,3,0.9756278395652771
645337,135,226,284,7,8,7,0.9986459016799927
655426,168,169,66,7,8,7,0.9989796280860901
655426,288,198,63,8,8,5,0.9996772408485413
655426,283,128,86,6,6,4,0.9967256784439087
655426,264,196,99,10,8,5,0.9987282156944275
655426,255,153,127,7,7,5,0.9986949563026428
655426,221,189,130,7,7,6,0.9964843392372131
655426,265,199,123,5,6,4,0.98801189661026
655426,226,230,124,8,8,5,0.9989913105964661
655426,259,231,139,6,6,4,0.9987389445304871
655426,116,189,166,11,10,6,0.9970698952674866
655426,225,220,162,10,14,11,0.9978681802749634
655426,134,131,221,5,4,3,0.9836551547050476
655426,93,155,231,6,7,5,0.9993635416030884
655426,94,187,225,6,5,4,0.9974194169044495
655426,157,193,215,17,18,10,0.9991299510002136
655426,223,183,227,7,7,6,0.9976713061332703
655426,225,165,251,5,6,5,0.9964815974235535
655426,132,188,255,8,8,7,0.9976723194122314
655426,254,189,255,7,6,5,0.9980202317237854
696418,279,195,27,8,9,6,0.9983202815055847
696418,225,103,64,7,6,5,0.9972752928733826
696418,187,170,76,8,8,5,0.9973775744438171
696418,231,152,73,11,10,6,0.9995365738868713
696418,255,158,64,8,9,3,0.9965673685073853
696418,194,198,64,14,16,10,0.999232828617096
696418,256,190,73,9,7,5,0.9985612034797668
696418,64,229,64,6,7,4,0.9983198642730713
696418,233,219,64,6,6,6,0.9999070763587952
696418,258,223,63,6,6,4,0.9984582662582397
696418,130,226,93,8,8,11,0.9984903335571289
696418,216,220,97,11,16,15,0.9980915188789368
696418,96,123,131,6,7,4,0.9954624176025391
696418,230,197,124,7,6,3,0.9974269866943359
696418,121,221,121,10,12,9,0.9993483424186707
696418,126,197,194,9,11,12,0.9969842433929443
696418,132,181,223,7,7,5,0.9975297451019287
655698,290,122,33,5,6,4,0.9971290230751038
655698,252,118,65,7,7,4,0.9992986917495728
655698,291,157,63,8,8,5,0.9992820620536804
655698,91,102,108,5,6,4,0.9987820386886597
655698,231,85,97,9,8,10,0.9995688796043396
655698,113,139,98,8,8,5,0.9996194243431091
655698,252,161,94,8,8,5,0.9982303380966187
655698,91,200,94,5,5,4,0.9962054491043091
655698,104,168,129,6,6,4,0.9987227916717529
655698,226,196,122,12,12,12,0.9996109008789062
655698,130,123,163,7,7,5,0.9990410208702087
655698,222,160,168,18,16,9,0.9994550943374634
655698,99,199,165,7,8,6,0.9996460676193237
655698,125,187,165,8,7,6,0.9977238178253174
655698,229,163,198,5,7,6,0.9950594305992126
655698,131,109,214,6,6,4,0.9969372153282166
655698,230,162,215,7,6,4,0.9943792223930359
655698,152,193,265,7,6,5,0.9952714443206787
696427,282,227,63,7,7,5,0.9981712698936462
696427,91,197,104,5,6,3,0.9982094168663025
696427,93,226,94,5,6,3,0.9955817461013794
696427,125,141,123,6,7,5,0.9945398569107056
696427,227,191,130,12,12,9,0.999574601650238
696427,248,189,127,8,9,10,0.999298095703125
696427,251,97,166,4,5,4,0.989666759967804
696427,66,169,154,7,7,7,0.9985520243644714
696427,191,97,190,9,7,4,0.9984748363494873
696427,259,119,204,4,4,3,0.9949391484260559
696427,122,201,195,7,8,5,0.9976828098297119
696427,230,191,192,7,7,5,0.9992348551750183
696427,152,232,190,8,8,6,0.9992825984954834
696427,124,140,254,7,6,3,0.999050498008728
503406,217,104,30,13,11,8,0.9991269707679749
503406,222,91,34,7,7,5,0.997682511806488
503406,293,123,68,5,3,4,0.9890908002853394
503406,259,117,49,7,6,7,0.9950101971626282
503406,166,199,70,7,6,5,0.9988966584205627
503406,106,162,94,10,11,6,0.9944711923599243
503406,312,159,80,6,6,5,0.9979665875434875
503406,153,136,136,12,13,8,0.9990757703781128
503406,137,188,123,9,9,9,0.9994831085205078
503406,164,226,123,7,7,13,0.9985568523406982
503406,164,127,168,8,9,7,0.9997069835662842
503406,286,162,161,8,8,8,0.9993219971656799
503406,283,224,159,6,6,5,0.9986419081687927
503406,284,122,197,6,6,4,0.99091637134552
503406,159,151,196,5,4,5,0.9941469430923462
503406,234,246,188,5,3,3,0.9873075485229492
503406,255,184,218,8,7,6,0.9971895217895508
503406,246,221,227,7,7,5,0.998679518699646
503406,165,317,266,4,5,3,0.9825084209442139
697073,125,176,66,5,6,4,0.9983060359954834
697073,196,183,62,13,15,11,0.9978053569793701
697073,223,220,54,4,5,4,0.9771765470504761
697073,151,197,90,7,7,6,0.9970706701278687
697073,225,195,102,4,4,4,0.9967526793479919
697073,130,215,92,9,8,12,0.9994778037071228
697073,225,221,96,13,14,10,0.9980332851409912
697073,133,159,118,6,6,5,0.9959990978240967
697073,121,184,131,4,6,4,0.9910973310470581
697073,121,163,157,8,12,4,0.9969459176063538
697073,126,119,195,6,6,5,0.9980865120887756
697073,222,133,224,6,7,6,0.9996934533119202
697073,127,190,226,10,9,9,0.9994195699691772
697073,195,202,264,6,7,6,0.9973767399787903
697073,195,202,284,6,7,6,0.9984024167060852
697073,201,183,291,6,6,4,0.9951621890068054
672912,131,223,62,8,8,8,0.9980329871177673
672912,254,216,67,11,9,15,0.9994653463363647
672912,280,233,58,5,5,4,0.9886610507965088
672912,159,62,94,5,5,3,0.999314546585083
672912,162,201,95,10,9,14,0.9987674355506897
672912,253,157,156,5,5,3,0.9919126033782959
672912,99,198,138,5,6,4,0.9890857338905334
672912,319,201,134,5,6,4,0.9941307306289673
672912,168,231,134,5,5,3,0.9861876964569092
672912,285,124,159,8,9,5,0.9970578551292419
672912,161,97,191,6,6,4,0.9987476468086243
672912,161,125,190,6,7,4,0.9990729689598083
672912,291,129,194,6,6,5,0.9988305568695068
672912,160,154,190,11,17,7,0.9973667860031128
672912,168,131,220,7,7,4,0.9989804625511169
672912,158,191,225,8,8,7,0.9984291195869446
672912,257,125,252,8,6,3,0.9976133704185486
672912,260,188,255,6,5,3,0.990778386592865
656238,161,222,56,8,7,5,0.9984455704689026
656238,122,254,59,6,6,5,0.9969872236251831
656238,234,229,92,5,5,5,0.9843185544013977
656238,225,215,96,8,7,5,0.9986422061920166
656238,257,222,103,8,9,6,0.9990291595458984
656238,127,154,138,13,15,8,0.9989343285560608
656238,290,153,125,6,5,3,0.995506763458252
656238,232,229,129,9,10,10,0.998704731464386
656238,133,137,168,9,9,6,0.9987191557884216
656238,228,223,168,13,12,11,0.9993340373039246
656238,150,160,219,13,13,9,0.9982753992080688
656238,233,197,219,5,6,6,0.993847131729126
664574,227,73,11,6,7,5,0.9987730383872986
664574,256,90,62,7,8,6,0.9976637363433838
664574,252,164,75,7,8,5,0.9976660013198853
664574,95,219,60,6,6,6,0.9949693083763123
664574,263,123,99,7,6,6,0.9939813017845154
664574,123,163,103,6,6,4,0.9984941482543945
664574,192,158,94,14,16,9,0.9986165165901184
664574,131,199,92,8,8,12,0.9991852641105652
664574,128,127,127,9,9,5,0.9994215369224548
664574,123,192,130,9,11,12,0.9982188940048218
664574,225,190,128,9,10,16,0.9989014863967896
664574,230,200,138,6,5,3,0.9950282573699951
664574,227,179,231,9,9,8,0.9981405138969421
664574,263,194,255,6,6,4,0.99481201171875
689252,263,108,60,7,7,3,0.9993062615394592
689252,294,161,69,5,4,3,0.9977791905403137
689252,136,156,94,7,7,4,0.9990615844726562
689252,163,183,95,9,9,9,0.9982946515083313
689252,163,183,94,7,6,5,0.9996156096458435
689252,287,193,94,6,6,4,0.9998335838317871
689252,165,161,121,6,6,4,0.9931563138961792
689252,128,191,124,5,4,3,0.994974672794342
689252,166,184,124,9,9,20,0.9997128248214722
689252,228,190,126,7,7,8,0.9994490742683411
689252,261,190,130,8,7,8,0.9977949261665344
689252,89,211,136,5,7,5,0.9976806640625
689252,132,165,195,6,6,4,0.9990366697311401
689252,223,218,233,8,8,5,0.9987877011299133
689252,254,219,221,17,21,14,0.9985285997390747
689252,285,231,253,11,9,10,0.9970600605010986
689252,166,152,285,16,13,17,0.9995958209037781
656794,165,215,34,7,7,5,0.9996000528335571
656794,279,196,68,5,5,3,0.9718587398529053
656794,227,247,68,6,5,5,0.9940922260284424
656794,155,200,100,7,7,6,0.9969924688339233
656794,259,251,90,10,9,11,0.9987720847129822
656794,130,192,124,5,5,3,0.9956801533699036
656794,222,198,127,16,12,13,0.9988114237785339
656794,231,215,125,4,5,4,0.9992724061012268
656794,229,254,119,6,5,4,0.9948868155479431
656794,231,222,156,17,23,16,0.9993829131126404
656794,228,188,191,10,14,8,0.9970473647117615
656794,155,157,225,7,8,5,0.9988691806793213
656794,130,194,224,5,6,3,0.9789746999740601
656794,154,194,227,9,9,11,0.9976896047592163
657280,125,232,62,8,8,6,0.9986042380332947
657280,200,222,64,8,8,7,0.9989933371543884
657280,255,225,98,6,6,4,0.9992534518241882
657280,234,128,133,7,15,11,0.9991095662117004
657280,243,121,134,16,17,12,0.9984137415885925
657280,73,150,122,8,8,8,0.9986682534217834
657280,87,158,120,10,9,6,0.9990906715393066
657280,224,220,122,5,5,4,0.9964199662208557
657280,264,183,150,8,7,4,0.999039888381958
657280,259,199,159,6,7,5,0.9976233839988708
657280,248,201,165,8,7,5,0.9980374574661255
657280,104,216,169,7,7,5,0.9969990253448486
657280,227,249,162,7,7,9,0.9986076354980469
657280,224,192,191,13,8,5,0.9985776543617249
657280,218,183,199,5,5,4,0.996170163154602
657280,98,231,200,10,10,7,0.9983632564544678
657280,254,222,190,14,13,7,0.9995936155319214
657280,117,223,225,5,6,5,0.9977964162826538
657280,213,228,223,15,16,16,0.9994940161705017
657280,213,228,243,14,16,15,0.9994509220123291
390571,183,87,18,14,12,10,0.9992674589157104
390571,219,200,104,6,6,4,0.9980888366699219
390571,60,124,135,6,6,4,0.9979639053344727
390571,61,167,165,6,6,4,0.9971522092819214
390571,195,161,185,17,13,10,0.9987913370132446
390571,260,200,167,3,3,4,0.9877896904945374
390571,193,159,222,7,7,5,0.9980658888816833
520069,216,101,24,15,8,8,0.9983226656913757
520069,154,99,48,10,9,5,0.9996863007545471
520069,265,265,101,12,13,10,0.9990637898445129
520069,291,290,95,8,8,7,0.9992825388908386
520069,313,290,94,8,7,7,0.999045193195343
520069,323,159,126,5,5,3,0.9887365102767944
520069,322,165,133,6,5,3,0.9884933829307556
520069,324,223,129,9,8,6,0.9997648596763611
520069,319,255,128,6,5,4,0.9979287981987
520069,163,286,125,13,12,11,0.9985701441764832
520069,191,283,129,10,20,11,0.9984659552574158
520069,315,285,129,5,8,5,0.992473840713501
520069,157,192,161,15,28,13,0.9992628693580627
520069,162,251,159,10,10,9,0.99861079454422
520069,289,215,199,11,11,7,0.9985318779945374
520069,315,265,189,6,7,4,0.995204746723175
520069,251,166,216,6,7,3,0.9885172247886658
520069,281,195,220,12,15,7,0.9992992281913757
520069,280,250,227,10,11,12,0.998378336429596
520069,155,185,253,6,6,6,0.9984882473945618
520069,157,222,259,9,8,13,0.9970771074295044
520069,162,255,255,8,8,6,0.9994406700134277
520069,286,247,282,8,8,7,0.9997811317443848
674849,236,100,4,6,8,4,0.9977846741676331
674849,236,100,4,6,8,4,0.9988905191421509
674849,99,226,58,5,5,3,0.991719663143158
674849,151,195,99,9,10,7,0.9985752701759338
674849,123,223,89,7,7,4,0.9991345405578613
674849,137,119,134,8,8,5,0.9994695782661438
674849,253,219,134,5,4,3,0.9953382611274719
674849,187,188,192,8,8,6,0.9979785084724426
657237,295,171,70,5,4,3,0.9991667866706848
657237,88,221,103,5,5,4,0.996502697467804
657237,222,227,100,7,7,6,0.9977465271949768
657237,131,129,127,4,4,3,0.998508870601654
657237,128,201,126,8,8,12,0.9987170100212097
657237,261,193,128,4,3,3,0.9946976900100708
657237,104,219,139,6,6,4,0.9942024946212769
657237,223,191,195,14,18,12,0.999250590801239
657237,218,226,189,5,5,3,0.9898468852043152
657237,126,164,229,14,16,11,0.9992119669914246
657237,253,159,224,4,4,3,0.9961076974868774
657237,129,188,257,3,6,5,0.9842108488082886
657237,154,196,253,8,8,6,0.9995622634887695
657237,192,186,250,7,6,7,0.9977731704711914
657237,261,232,265,8,7,6,0.9991944432258606
657237,106,249,249,8,8,5,0.9991136193275452
657237,136,159,296,7,8,6,0.9976168870925903
657237,123,191,319,7,7,5,0.9994949698448181
657237,125,220,320,9,9,6,0.99920654296875
657237,249,223,320,6,4,3,0.9946090579032898
657237,125,220,339,9,8,5,0.99886554479599
664658,104,131,28,5,5,3,0.9957140684127808
664658,123,163,63,7,6,4,0.9970908761024475
664658,152,119,94,6,6,5,0.9985424280166626
690660,98,132,24,7,8,7,0.9977401494979858
690660,195,193,38,4,4,3,0.9968045353889465
690660,99,152,69,11,10,9,0.9993069171905518
690660,122,189,67,12,13,17,0.9991155862808228
690660,217,192,65,13,11,14,0.9991231560707092
690660,234,126,90,6,6,5,0.9990779161453247
690660,127,165,101,20,25,12,0.9992114901542664
690660,101,192,96,6,6,3,0.9969848394393921
690660,120,183,88,14,15,12,0.9993164539337158
690660,199,101,126,10,10,9,0.999764621257782
690660,221,117,121,8,7,7,0.9987828731536865
690660,126,154,125,21,25,14,0.9993430376052856
690660,194,161,127,19,22,13,0.9992219805717468
690660,232,159,133,7,7,6,0.9980351328849792
690660,249,169,127,7,7,6,0.9993995428085327
690660,196,159,159,11,10,20,0.9992669820785522
690660,232,169,151,14,13,10,0.998927652835846
690660,121,189,162,8,7,8,0.9986335635185242
690660,114,226,149,8,7,9,0.9987188577651978
690660,185,194,185,8,8,5,0.998652994632721
690660,165,157,221,6,5,4,0.9986906051635742
688185,280,167,77,8,7,5,0.9993618130683899
688185,278,137,88,5,5,5,0.9964579939842224
688185,89,153,103,7,6,4,0.996553361415863
688185,131,157,89,8,7,5,0.9991257786750793
688185,98,103,129,7,9,5,0.9994723200798035
688185,60,125,130,6,5,8,0.9914473295211792
688185,253,156,169,7,8,5,0.9984243512153625
688185,126,187,153,10,9,7,0.9966598749160767
688185,267,202,164,5,5,3,0.9811549782752991
688185,268,202,165,6,6,3,0.9872109889984131
688185,222,160,195,5,5,4,0.9968944787979126
688185,254,218,190,13,12,15,0.997828483581543
688185,100,153,220,5,4,3,0.9953256249427795
653891,222,66,33,12,16,8,0.9984124898910522
653891,315,149,54,4,5,3,0.9906207919120789
653891,229,161,95,8,8,6,0.9995669722557068
653891,265,167,90,6,6,7,0.9999234080314636
653891,127,199,96,8,7,8,0.9995652437210083
653891,227,196,97,10,12,14,0.9993842840194702
653891,221,182,95,9,8,7,0.999530553817749
653891,257,191,94,5,5,4,0.9963094592094421
653891,247,197,104,8,7,7,0.9987356066703796
653891,119,97,133,7,8,6,0.998856782913208
653891,134,136,119,8,7,6,0.9966790080070496
653891,262,122,131,9,8,7,0.9967533349990845
653891,126,158,127,8,7,7,0.9988242387771606
653891,247,163,128,10,12,13,0.9996454119682312
653891,121,195,120,12,13,11,0.9989930987358093
653891,108,76,171,8,8,7,0.999999463558197
653891,108,76,174,7,8,6,0.998643696308136
653891,161,89,193,8,8,5,0.9954876899719238
653891,255,125,199,6,6,4,0.9984851479530334
653891,257,193,200,6,5,3,0.9976449608802795
653891,217,137,229,6,6,8,0.9978858828544617
653891,124,150,228,5,6,5,0.9970330595970154
653891,229,162,217,16,16,15,0.9995519518852234
653891,283,191,215,5,5,3,0.9980130195617676
653891,132,167,262,3,5,3,0.9902492761611938
656330,198,189,65,7,7,7,0.999118447303772
656330,128,222,94,7,8,15,0.9968364834785461
656330,227,194,223,13,14,19,0.9994990825653076
647735,259,87,73,7,6,5,0.9965862035751343
647735,258,198,63,7,6,4,0.9988686442375183
647735,100,185,94,7,8,6,0.9983059167861938
647735,133,226,124,5,5,3,0.9960987567901611
647735,191,86,161,9,9,9,0.9977524280548096
647735,154,169,151,5,6,4,0.9991356134414673
647735,227,135,185,9,9,7,0.9993661642074585
647735,227,159,187,18,20,13,0.9981098175048828
647735,151,128,220,4,5,3,0.9887834787368774
647735,170,157,230,14,16,8,0.9974502921104431
647735,225,163,231,6,6,5,0.9964030981063843
647735,218,184,231,8,8,8,0.9992515444755554
647735,224,234,235,8,8,7,0.9992319345474243
647735,169,158,250,5,5,4,0.9940320253372192
647735,121,226,248,8,6,5,0.9968379735946655
647735,248,225,243,4,4,3,0.9864526987075806
647735,165,311,225,4,11,3,0.9913567900657654
647735,174,312,227,5,10,6,0.986272394657135
647735,211,312,226,3,10,5,0.9885982871055603
647735,170,315,227,14,19,7,0.9977304935455322
647735,211,316,227,4,14,6,0.9911947846412659
647735,133,189,287,7,7,6,0.9977325201034546
647735,219,221,292,7,8,6,0.998306155204773
656835,65,195,63,5,7,4,0.9978135824203491
656835,257,234,94,6,6,3,0.9937097430229187
656835,128,119,130,10,10,9,0.9987602233886719
656835,253,161,137,6,6,5,0.9952670931816101
656835,258,188,125,16,13,13,0.9993604421615601
656835,223,187,191,12,11,9,0.998371958732605
656835,139,185,221,4,5,5,0.9946176409721375
656835,137,185,229,6,6,6,0.9974733591079712
656835,223,195,230,10,10,12,0.9991519451141357
656835,127,195,254,9,9,7,0.9989448189735413
689544,243,97,36,6,7,5,0.9965927600860596
689544,127,258,84,6,6,3,0.9967629313468933
689544,65,151,138,5,4,3,0.9802699089050293
689544,288,162,134,6,6,4,0.998534619808197
689544,225,202,131,17,28,16,0.9994487762451172
689544,295,194,133,5,6,5,0.9945167303085327
689544,136,217,127,10,12,10,0.997995913028717
689544,134,255,129,6,6,4,0.9994100332260132
689544,67,193,158,5,5,3,0.9968351125717163
689544,218,191,157,11,11,9,0.9992220401763916
689544,247,185,161,6,7,5,0.9974902272224426
689544,85,125,190,12,11,7,0.9988515377044678
689544,221,229,226,5,5,3,0.9946897029876709
689544,255,225,224,5,6,4,0.9935612678527832
689544,251,135,255,6,6,4,0.995711624622345
689544,89,163,260,6,6,4,0.9993920922279358
689544,128,158,255,8,9,6,0.9987679123878479
689544,125,198,252,10,10,8,0.9983075857162476
689544,223,199,248,13,14,13,0.9995520710945129
689544,224,182,258,9,9,9,0.9993168711662292
689544,127,222,255,8,8,6,0.9992461800575256
689544,128,169,279,6,5,4,0.9969678521156311
637993,188,191,71,6,5,3,0.9982972741127014
637993,131,105,93,7,10,6,0.9984256625175476
637993,71,133,99,9,9,5,0.9990765452384949
637993,97,191,98,6,6,5,0.993511438369751
637993,88,226,98,7,7,6,0.9997357130050659
637993,120,186,123,5,7,5,0.9979123473167419
637993,130,225,129,18,14,17,0.9992349743843079
637993,165,87,165,8,8,7,0.999304473400116
637993,152,192,150,8,8,5,0.9999675750732422
637993,122,246,164,8,9,6,0.9991747736930847
637993,195,201,196,6,6,7,0.9959965944290161
637993,171,170,260,13,12,13,0.9989960789680481
637993,129,193,261,4,5,3,0.9759067296981812
684424,197,188,39,6,5,4,0.995793342590332
684424,220,125,34,9,11,5,0.9884809255599976
684424,96,188,70,33,44,12,0.9994803667068481
684424,134,201,64,7,8,3,0.9961656332015991
684424,120,191,69,14,19,6,0.9982514381408691
684424,127,216,64,7,7,4,0.9898604154586792
684424,128,254,56,12,11,9,0.9990817308425903
684424,100,165,93,6,7,5,0.9961608648300171
684424,75,199,99,7,6,5,0.9988290071487427
684424,130,218,94,9,10,7,0.9986079335212708
684424,219,226,92,9,9,10,0.9988319277763367
684424,127,157,120,8,8,4,0.9971782565116882
684424,255,160,128,5,6,3,0.999790370464325
684424,127,221,192,9,11,9,0.9992381930351257
684424,226,215,201,6,6,4,0.9961013793945312
684424,190,193,224,7,7,5,0.9965991377830505
698734,89,225,39,7,7,5,0.9997658133506775
698734,221,102,91,6,7,4,0.9939284324645996
698734,93,136,94,9,9,6,0.9987767934799194
698734,70,161,95,6,6,4,0.9992722272872925
698734,105,191,87,8,4,3,0.9879859089851379
698734,123,191,93,9,9,5,0.9989499449729919
698734,120,164,131,13,15,16,0.9994578957557678
698734,153,201,125,5,6,4,0.9971286654472351
698734,161,163,162,26,44,12,0.9994682669639587
698734,169,150,195,11,14,6,0.9981889724731445
632344,294,105,32,16,18,12,0.9992240071296692
632344,167,157,33,4,6,4,0.9927565455436707
632344,292,121,29,8,14,7,0.9976199865341187
632344,281,187,33,6,6,4,0.9988371133804321
632344,289,100,64,6,5,3,0.9911960959434509
632344,247,163,63,7,7,5,0.995575487613678
632344,288,161,63,8,7,5,0.9996830224990845
632344,93,193,69,8,6,4,0.9960461258888245
632344,151,183,64,10,9,11,0.999354362487793
632344,254,185,57,14,12,10,0.9996922612190247
632344,285,132,99,5,5,4,0.9962698221206665
632344,125,125,125,6,7,4,0.9934931993484497
632344,260,127,119,7,6,4,0.9988136291503906
632344,123,162,134,8,6,5,0.998813807964325
632344,134,133,151,7,7,4,0.9992045164108276
632344,126,199,160,5,5,3,0.9951514005661011
632344,227,187,163,10,12,10,0.9969900250434875
656778,184,196,56,5,7,4,0.9971678256988525
656778,126,224,62,5,4,3,0.9918254017829895
656778,125,215,69,7,7,5,0.9970032572746277
656778,152,193,169,13,16,6,0.997376024723053
656778,184,222,154,6,6,4,0.9977646470069885
631673,197,98,30,7,7,5,0.9964795112609863
631673,219,149,38,5,6,6,0.9970465898513794
631673,200,81,52,10,9,6,0.9999783635139465
631673,123,215,64,8,7,4,0.9983639121055603
631673,224,216,95,8,9,7,0.9989703297615051
631673,219,156,133,5,6,4,0.9937583804130554
631673,101,186,131,22,24,14,0.9992667436599731
631673,199,181,125,16,15,11,0.9989482760429382
631673,105,126,160,8,7,6,0.9982770681381226
631673,201,161,155,8,9,5,0.9995096921920776
631673,121,103,185,6,6,4,0.9974830150604248
631673,190,157,198,5,4,3,0.9738039374351501
688374,62,99,70,5,5,3,0.9995186924934387
688374,201,224,63,8,8,5,0.9993712902069092
688374,254,197,96,11,10,14,0.9983394145965576
688374,104,94,134,7,8,5,0.9995519518852234
688374,184,101,136,5,4,4,0.9898381233215332
688374,121,102,150,8,8,5,0.9969725012779236
688374,192,129,159,7,6,5,0.9952513575553894
688374,61,158,159,8,8,5,0.9991610050201416
688374,104,161,154,8,8,6,0.9998751878738403
688374,100,183,185,8,8,5,0.9982117414474487
688374,92,216,228,5,5,3,0.9946080446243286
688374,92,216,246,6,7,5,0.9977665543556213
